t,rpm,torque,power,engine_load,cht_c1,cht_c2,cht_c3,cht_c4,egt_c1,egt_c2,egt_c3,egt_c4,oil_pressure,oil_temperature,fuel_flow,rail_pressure,injection_timing,boost_pressure,map,intake_temperature,air_mass_flow,coolant_temperature,vibration_rms_x,vibration_order_1x,vibration_rms_x_bearing_proxy,vibration_order_1x_bearing_proxy,battery_voltage,battery_current,alternator_power,altitude,ambient_pressure,ambient_temperature,air_density,throttle,engine_state,engine_id,mission_id,data_origin
0,860.375595605912,22.127011117977,1.993606565586,0.14,16.1856227116047,17.2472927475864,17.2472927475864,17.2472927475864,251.170351797932,578.091333518648,578.091333518648,578.091333518648,0.931334934119469,18.8704811041816,2.35506132933087,319.371075940917,0.193710759409166,0.0106613250477819,102.391132504778,23.9788035105613,0.0154234186758137,19.4857950977644,2873.91021894787,0.35233471937099,0.05,0.0,27.1482554076717,-2.08143853433167,0.443492575054594,0.0,101.325,23.6613185023649,1.18926490480991,0.14,CLIMB,UNIT-injectordegradation-0009,long_loiter-M006,SIMULATED
1,866.827700325586,22.6064916452707,2.05208132241139,0.142366666666667,16.2021787261298,17.2744720287577,17.2744720287577,17.2744720287577,250.509649088141,576.557520004384,576.557520004384,576.557520004384,0.934683576468979,18.9137941694052,2.36575127349813,319.954287074211,0.199542870742113,0.0113574995241222,102.370742362816,23.9509803522865,0.0155374420264074,19.524774970973,2873.91021894787,0.35233471937099,0.05,0.0,27.1481402004238,-1.95894073692335,0.446818402229683,7.49480636415004,101.234992410403,23.612602260998,1.18840352891764,0.142366666666667,CLIMB,UNIT-injectordegradation-0009,long_loiter-M006,SIMULATED
2,879.841322081287,23.2158643571401,2.13903470337623,0.144733333333333,16.218837703615,17.3018051211458,17.3018051211458,17.3018051211458,248.60532797294,572.046051682545,572.046051682545,572.046051682545,0.941437646160188,18.9571130618076,2.38153470425217,320.815383483446,0.208153834834457,0.0124716731313702,102.392216887446,23.9355822243602,0.0157748303535155,19.5634715987724,2873.91021894787,0.35233471937099,0.05,0.0,27.1480360842491,-1.7118566210352,0.453526454681076,14.9896127283001,101.145049574309,23.563886019631,1.18754263044376,0.144733333333333,CLIMB,UNIT-injectordegradation-0009,long_loiter-M006,SIMULATED
3,894.994956699002,23.8745271858051,2.23760789431165,0.1471,16.2356111027341,17.3293218464989,17.3293218464989,17.3293218464989,246.395288076432,566.797893063606,566.797893063606,566.797893063606,0.949302382526782,19.0004546549689,2.39941334407837,321.790788184505,0.217907881845046,0.0137489175488059,102.430063210953,23.9250443203008,0.0160530230921946,19.6019188930801,2873.91021894787,0.35233471937099,0.05,0.0,27.1479473003865,-1.42413689795148,0.461337606545877,22.4844190924501,101.055171456072,23.515169778264,1.1866822092049,0.1471,CLIMB,UNIT-injectordegradation-0009,long_loiter-M006,SIMULATED
4,910.84358457465,24.5556914089073,2.34220330097694,0.149466666666667,16.2525036828567,17.3570351921169,17.3570351921169,17.3570351921169,244.17705436746,561.524490542354,561.524490542354,561.524490542354,0.957527820394243,19.0438238760814,2.41839157860536,322.826183458159,0.228261834581595,0.0151044579782819,102.475803817888,23.9168496398481,0.0163450374122488,19.6401333240923,2873.91021894787,0.35233471937099,0.05,0.0,27.1478752310596,-1.12321857170782,0.469507002358067,29.9792254566002,100.96535802006,23.466453536897,1.18582226501769,0.149466666666667,CLIMB,UNIT-injectordegradation-0009,long_loiter-M006,SIMULATED
5,926.915419190105,25.2504597385605,2.45097010693082,0.151833333333333,16.2695179850169,17.384952550922,17.384952550922,17.384952550922,242.040364680581,556.440907441617,556.440907441617,556.440907441617,0.965869102559664,19.0872217472101,2.43814059709318,323.903630381504,0.239036303815043,0.0165101306221772,102.526622292872,23.910161422001,0.016642068915366,19.6781255191487,2873.91021894787,0.35233471937099,0.05,0.0,27.1478203232821,-0.818060033724997,0.477791453190776,37.4740318207502,100.875609230654,23.41773729553,1.18496279769884,0.151833333333333,CLIMB,UNIT-injectordegradation-0009,long_loiter-M006,SIMULATED
6,943.057856585652,25.9559020203039,2.56332150811485,0.1542,16.2866558382656,17.4130794999799,17.4130794999799,17.4130794999799,240.009268858514,551.60514816484,551.60514816484,551.60514816484,0.974247027567953,19.1306480125346,2.45855671174446,325.017472060838,0.250174720608378,0.0179566652965934,102.581591581909,23.9047036560473,0.0169412834638543,19.7159041620303,2873.91021894787,0.35233471937099,0.05,0.0,27.1477827197951,-0.511559376109746,0.486112297209099,44.9688381849002,100.78592505225,23.3690210541631,1.18410380706506,0.1542,CLIMB,UNIT-injectordegradation-0009,long_loiter-M006,SIMULATED
7,959.222046034627,26.6710603608997,2.67909461814239,0.156566666666667,16.3039188674124,17.4414210740673,17.4414210740673,17.4414210740673,238.087560492828,547.026714184044,547.026714184044,547.026714184044,0.982636241891972,19.1741020024916,2.47961179195363,326.166173775109,0.261661737751094,0.0194410400469639,102.640409453952,23.9003856996549,0.0172417911098448,19.753477307236,2873.91021894787,0.35233471937099,0.05,0.0,27.1477624653425,-0.204644724624947,0.494444353626097,52.4636445490503,100.696305449256,23.3203048127961,1.18324529293313,0.156566666666667,CLIMB,UNIT-injectordegradation-0009,long_loiter-M006,SIMULATED
8,975.392451006116,27.3956207048954,2.79826701232825,0.158933333333333,16.321308662609,17.469982191012,17.469982191012,17.469982191012,236.273025761317,542.700681411439,542.700681411439,542.700681411439,0.991028682072174,19.2175829157463,2.50130276013227,327.349567620371,0.273495676203711,0.0209622730513939,102.702977691234,23.8971773696732,0.0175433273723289,19.7908528189235,2873.91021894787,0.35233471937099,0.05,0.0,27.1477595733981,0.102388335699061,0.502779613920678,59.9584509132003,100.606750386095,23.2715885714291,1.18238725511985,0.158933333333333,CLIMB,UNIT-injectordegradation-0009,long_loiter-M006,SIMULATED
9,991.564098679642,28.1294766101633,2.92086216733482,0.1613,16.338826835227,17.4987677918304,17.4987677918304,17.4987677918304,234.561832653998,538.618209416121,538.618209416121,538.618209416121,0.999421767214734,19.2610899101064,2.52363473027631,328.567932600826,0.285679326008259,0.0225200397728184,102.769263804483,23.8950679020034,0.0178458264772161,19.8280385155394,2873.91021894787,0.35233471937099,0.05,0.0,27.1477740474809,0.409444795137897,0.511115514783321,67.4532572773504,100.517259827202,23.2228723300621,1.18152969344207,0.1613,CLIMB,UNIT-injectordegradation-0009,long_loiter-M006,SIMULATED
10,1007.73533252366,28.872588021753,3.0469183599406,0.163666666666667,16.3564750359862,17.5277828861795,17.5277828861795,17.5277828861795,232.949853287731,534.769712870485,534.769712870485,534.769712870485,1.00781463757978,19.3046221314853,2.54661545754331,329.821691814496,0.298216918144958,0.0241142249516062,102.839256232187,23.8940526588009,0.0181492851282258,19.8650422167467,2873.91021894787,0.35233471937099,0.05,0.0,27.1478058878837,0.716492611303978,0.519451202331783,74.9480636415004,100.427833737026,23.1741560886952,1.18067260771667,0.163666666666667,CLIMB,UNIT-injectordegradation-0009,long_loiter-M006,SIMULATED
11,1023.90553570304,29.624936218462,3.17647859371633,0.166033333333333,16.3742549607301,17.5570325668316,17.5570325668316,17.5570325668316,231.433047171267,531.145783989097,531.145783989097,531.145783989097,1.01620697302988,19.3481787230553,2.57025353875949,331.111314278308,0.311113142783083,0.0257447795906001,102.912950039092,23.8941288864837,0.0184537196245125,19.9018717583873,2873.91021894787,0.35233471937099,0.05,0.0,27.1478550937831,1.02351948298776,0.527786358609815,82.4428700056505,100.338472080032,23.1254398473282,1.17981599776058,0.166033333333333,CLIMB,UNIT-injectordegradation-0009,long_loiter-M006,SIMULATED
12,1040.07442546444,30.3865096525118,3.3095873906199,0.1684,16.3921683522226,17.5865220141694,17.5865220141694,17.5865220141694,230.007561889424,527.73743733748,527.73743733748,527.73743733748,1.02459862681604,19.3917588281462,2.59455783842341,332.437283612586,0.324372836125862,0.027411675982678,102.990342418963,23.8952943825273,0.0187591525427408,19.9385349971486,2873.91021894787,0.35233471937099,0.05,0.0,27.1479216639042,1.33051945248146,0.536120837868267,89.9376763698005,100.249174820696,23.0767236059612,1.17895986339076,0.1684,CLIMB,UNIT-injectordegradation-0009,long_loiter-M006,SIMULATED
13,1056.24183683127,31.1572995649797,3.44628978988255,0.170766666666667,16.4102170006858,17.6162564975218,17.6162564975218,17.6162564975218,228.669750708312,524.536155010833,524.536155010833,524.536155010833,1.03298951331543,19.4353615911922,2.61953730905144,333.800088239638,0.338000882396383,0.0291148937851562,103.071431302022,23.8975470831354,0.0190656086478537,19.9750398119719,2873.91021894787,0.35233471937099,0.05,0.0,27.1480055967418,1.63748879855101,0.544454555067665,97.4324827339506,100.159941923507,23.0280073645942,1.17810420442422,0.170766666666667,CLIMB,UNIT-injectordegradation-0009,long_loiter-M006,SIMULATED
14,1072.40765652176,31.9372986481215,3.58663104576986,0.173133333333333,16.4284027439456,17.6462413755205,17.6462413755205,17.6462413755205,227.416166784562,521.533875334263,521.533875334263,521.533875334263,1.04137957373479,19.4789861580666,2.64520093648191,335.20021839972,0.352002183997204,0.0308544157779438,103.156214930764,23.9008849380596,0.0193731136435488,20.0113941044499,2873.91021894787,0.35233471937099,0.05,0.0,27.1481068906441,1.94442478173435,0.552787451815341,104.927289098101,100.070773352969,22.9792911232273,1.17724902067799,0.173133333333333,CLIMB,UNIT-injectordegradation-0009,long_loiter-M006,SIMULATED
15,1088.57180235621,32.7265006427839,3.73065654318146,0.1755,16.446727467462,17.6764820961641,17.6764820961641,17.6764820961641,226.243551511476,518.722967198685,518.722967198685,518.722967198685,1.04976876542288,19.5226316762215,2.6715577241665,336.638165294019,0.366381652940189,0.0326302265960057,103.244691733201,23.9053058735909,0.0196816937846333,20.0476057989236,2873.91021894787,0.35233471937099,0.05,0.0,27.1482255438553,2.2513252533538,0.561119485750626,112.422095462251,99.9816690736007,22.9305748818603,1.17639431196917,0.1755,CLIMB,UNIT-injectordegradation-0009,long_loiter-M006,SIMULATED
16,1104.7342162789,33.5249002181361,3.87841178003568,0.177866666666667,16.4651931043267,17.7069841968026,17.7069841968026,17.7069841968026,225.14882201984,516.096202117096,516.096202117096,516.096202117096,1.05815705824875,19.5662972947536,2.69861668943207,338.114420880708,0.38114420880708,0.0344423123607374,103.336860286006,23.9108077821923,0.0199913757479287,20.0836828424973,2873.91021894787,0.35233471937099,0.05,0.0,27.1483615545447,2.55818852302932,0.569450626947887,119.916901826401,99.8926290499318,22.8818586404933,1.17554007811486,0.177866666666667,CLIMB,UNIT-injectordegradation-0009,long_loiter-M006,SIMULATED
17,1120.89486143426,34.3324929350059,4.02994236972961,0.180233333333333,16.4838016352555,17.7377533041075,17.7377533041075,17.7377533041075,224.12905919534,513.646727303646,513.646727303646,513.646727303646,1.06654443308438,19.6099821644367,2.72638686335256,339.629477867962,0.396294778679617,0.0362906605780045,103.432719304308,23.9173885200378,0.0203021865803309,20.1196332050379,2873.91021894787,0.35233471937099,0.05,0.0,27.148514920831,2.86501330316708,0.577780856409411,127.411708190551,99.8036532465071,22.8331423991263,1.17468631893223,0.180233333333333,CLIMB,UNIT-injectordegradation-0009,long_loiter-M006,SIMULATED
18,1137.05372046949,35.1492752332585,4.18529404944987,0.1826,16.5025550885824,17.7687951340464,17.7687951340464,17.7687951340464,223.181496527649,511.368040558555,511.368040558555,511.368040558555,1.07493088092366,19.6536854377305,2.75487729168311,341.183829764915,0.411838297649155,0.038175260113199,103.532267639204,23.9250459068356,0.0206141536702414,20.1554648791803,2873.91021894787,0.35233471937099,0.05,0.0,27.1486856408037,3.17179867672993,0.586110165190458,134.906514554701,99.7147416278845,22.7844261577594,1.17383303423848,0.1826,CLIMB,UNIT-injectordegradation-0009,long_loiter-M006,SIMULATED
19,1153.21079423693,35.9752444256549,4.34451269006693,0.184966666666667,16.5214555402576,17.8001154918683,17.8001154918683,17.8001154918683,222.303509815831,509.253967040303,509.253967040303,509.253967040303,1.08331640220897,19.6974062687693,2.78409703609139,342.777970948844,0.427779709488444,0.0400961011873395,103.63550427737,23.93377772628,0.0209273047266038,20.1911858803424,2873.91021894787,0.35233471937099,0.05,0.0,27.1488737125435,3.47854407259417,0.594438553730376,142.401320918851,99.6258941586356,22.7357099163924,1.17298022385085,0.184966666666667,CLIMB,UNIT-injectordegradation-0009,long_loiter-M006,SIMULATED
20,1169.36610065575,36.8103986931099,4.50764430635074,0.187333333333333,16.5405051138504,17.8317202721009,17.8317202721009,17.8317202721009,221.492607679812,507.298637823486,507.298637823486,507.298637823486,1.09170100624034,19.7411438133322,2.8140551754597,344.412396736203,0.44412396736203,0.0420531753779919,103.742428341145,23.9435817266511,0.0212416677609477,20.2268042467521,2873.91021894787,0.35233471937099,0.05,0.0,27.1490791341415,3.78524924392803,0.602766031265852,149.896127283001,99.5371108033456,22.6869936750254,1.17212788758661,0.187333333333333,CLIMB,UNIT-injectordegradation-0009,long_loiter-M006,SIMULATED
21,1185.51967366193,37.6547370799192,4.67473506713898,0.1897,16.5597059805579,17.8636154585594,17.8636154585594,17.8636154585594,220.746422812758,505.496470102486,505.496470102486,505.496470102486,1.10008471063054,19.7848972287941,2.84476080719165,346.087603453911,0.46087603453911,0.0440464756204357,103.853039088657,23.954455621426,0.0215572710710758,20.262328039487,2873.91021894787,0.35233471937099,0.05,0.0,27.1493019037167,4.09191424824246,0.611092615289654,157.390933647151,99.448391526613,22.6382774336584,1.17127602526308,0.1897,CLIMB,UNIT-injectordegradation-0009,long_loiter-M006,SIMULATED
22,1201.67156222372,38.50825948858,4.84583130535043,0.192066666666667,16.5790603592166,17.8958071243681,17.8958071243681,17.8958071243681,220.062703910316,503.842148901755,503.842148901755,503.842148901755,1.10846754079411,19.8286656740595,2.87622304850389,347.804088509829,0.478040885098292,0.0460759962078482,103.967335913835,23.9663970898666,0.0218741432259556,20.297765342525,2873.91021894787,0.35233471937099,0.05,0.0,27.1495420194324,4.39853942868284,0.619418331043155,164.885740011301,99.3597362930501,22.5895611922915,1.17042463669761,0.192066666666667,CLIMB,UNIT-injectordegradation-0009,long_loiter-M006,SIMULATED
23,1217.82182941371,39.3709666741223,5.02097952781165,0.194433333333333,16.5985705163212,17.9283014319942,17.9283014319942,17.9283014319942,219.439308217605,502.330610163564,502.330610163564,502.330610163564,1.11684952946572,19.8724483094779,2.90845103769724,349.562350462106,0.495623504621062,0.0481417327902293,104.085318346306,23.9794037775736,0.0221923130516411,20.3331242628076,2873.91021894787,0.35233471937099,0.05,0.0,27.1497994795126,4.70512539639171,0.627743211037997,172.380546375451,99.2711450672827,22.5408449509245,1.16957372170761,0.194433333333333,CLIMB,UNIT-injectordegradation-0009,long_loiter-M006,SIMULATED
24,1233.97055153245,40.2428602379527,5.20022642488682,0.1968,16.6182387660465,17.9611046332921,17.9611046332921,17.9611046332921,218.874194640294,500.957025095656,500.957025095656,500.957025095656,1.12523071624534,19.9162442967413,2.94145393540517,351.362889087293,0.513628890872934,0.0502436823720478,104.206986051155,23.9934732970088,0.0225118096181276,20.3684129303131,2873.91021894787,0.35233471937099,0.05,0.0,27.1500742822558,5.0116730138483,0.636067294604358,179.875352739601,99.18261781395,22.4921287095575,1.1687232801105,0.1968,CLIMB,UNIT-injectordegradation-0009,long_loiter-M006,SIMULATED
25,1250.11781727996,41.1239426212307,5.38361887990661,0.199166666666667,16.6380674702746,17.9942230695609,17.9942230695609,17.9942230695609,218.365417371209,499.716785672235,499.716785672235,499.716785672235,1.1336111471683,19.9600527987653,2.97524092581886,353.20620544718,0.532062054471801,0.0523818433086622,104.332338828571,24.0086032279839,0.0228326622270664,20.4036394981423,2873.91021894787,0.35233471937099,0.05,0.0,27.1503664260494,5.31818337911503,0.644390627463898,187.370159103751,99.0941544977049,22.4434124681905,1.16787331172376,0.199166666666667,CLIMB,UNIT-injectordegradation-0009,long_loiter-M006,SIMULATED
26,1266.26372697197,42.0142170978049,5.57120397839374,0.201533333333333,16.6580590386269,18.0276631716119,18.0276631716119,18.0276631716119,217.911119988617,498.605491191764,498.605491191764,498.605491191764,1.14199087429845,20.0038729795518,3.00982121788833,355.092801954322,0.550928019543222,0.0545562153015798,104.461376613372,24.024791118121,0.0231549004002783,20.4388121426129,2873.91021894787,0.35233471937099,0.05,0.0,27.1506759093822,5.62465781093078,0.652713261325757,194.864965467901,99.0057550832137,22.3946962268236,1.16702381636491,0.201533333333333,CLIMB,UNIT-injectordegradation-0009,long_loiter-M006,SIMULATED
27,1282.40839179798,42.9136877667325,5.7630290170839,0.2039,16.6782159285005,18.0614314598477,18.0614314598477,18.0614314598477,217.509529986458,497.618935804082,497.618935804082,497.618935804082,1.15036995534315,20.0477040040368,3.04520404649918,357.023182436243,0.570231824362429,0.0567667993926154,104.594099474418,24.0420344832839,0.0234785538690074,20.4739390633657,2873.91021894787,0.35233471937099,0.05,0.0,27.1510027308569,5.93109783459656,0.661035253504111,202.359771832051,98.9174195351563,22.3459799854566,1.16617479385148,0.2039,CLIMB,UNIT-injectordegradation-0009,long_loiter-M006,SIMULATED
28,1298.55193311851,43.822359544408,5.95914151274044,0.206266666666667,16.698540645109,18.0955345443525,18.0955345443525,18.0955345443525,217.158953700584,496.753096927421,496.753096927421,496.753096927421,1.15874845328851,20.0915450379198,3.08139867362463,358.997852198285,0.589978521982852,0.0590135979570172,104.730507613928,24.0603308079836,0.0238036525638647,20.5090284834795,2873.91021894787,0.35233471937099,0.05,0.0,27.1513468892009,6.23750516860335,0.669356666555933,209.854578196201,98.8291478182262,22.2972637440896,1.16532624400108,0.206266666666667,CLIMB,UNIT-injectordegradation-0009,long_loiter-M006,SIMULATED
29,1314.6944817991,44.7402381563238,6.15958921076196,0.208633333333333,16.7190357415279,18.1299791249924,18.1299791249924,18.1299791249924,216.857771598392,496.004124483231,496.004124483231,496.004124483231,1.16712643605373,20.1353952474784,3.11841438945259,361.0173180851,0.610173180851002,0.0612966146956135,104.870601366692,24.0796775457594,0.0241302266054122,20.5440886495963,2873.91021894787,0.35233471937099,0.05,0.0,27.151708383277,6.54388171195564,0.677677567937679,217.349384560351,98.7409398971303,22.2485475027226,1.16447816663134,0.208633333333333,CLIMB,UNIT-injectordegradation-0009,long_loiter-M006,SIMULATED
30,1330.8361775787,45.6673301284835,6.3644200935818,0.211,16.7397038187441,18.1647719915262,18.1647719915262,18.1647719915262,216.604433902247,495.368330883199,495.368330883199,495.368330883199,1.17550397616335,20.1792537993669,3.1562605134874,363.082088540754,0.630820885407545,0.0636158546260351,105.014381199193,24.1000721195361,0.0244583062953426,20.5791278320546,2873.91021894787,0.35233471937099,0.05,0.0,27.1520872120937,6.85022953214801,0.685998029679742,224.844190924501,98.652795736589,22.1998312613557,1.16363056155992,0.211,CLIMB,UNIT-injectordegradation-0009,long_loiter-M006,SIMULATED
31,1346.97716847049,46.6036427784895,6.57368238885869,0.213366666666667,16.7605475257098,18.1999200237271,18.1999200237271,18.1999200237271,216.397456519814,494.842181708811,494.842181708811,494.842181708811,1.18388115043618,20.2231198603993,3.19494639562599,365.192673667443,0.651926736674427,0.065971324073068,105.161847708643,24.121511921961,0.0247879221082148,20.6141543250327,2873.91021894787,0.35233471937099,0.05,0.0,27.1524833748137,7.15655085375432,0.694318128077573,232.338997288651,98.5647153013365,22.1511150199887,1.16278342860453,0.213366666666667,CLIMB,UNIT-injectordegradation-0009,long_loiter-M006,SIMULATED
32,1363.11761019302,47.549184206323,6.78742457745791,0.215733333333333,16.7815695594007,18.2354301915132,18.2354301915132,18.2354301915132,216.235417256816,494.422287029037,494.422287029037,494.422287029037,1.19225803969018,20.2669925973168,3.2344814172082,367.349585282791,0.673495852827913,0.0683630306581763,105.313001621938,24.1439943157197,0.0251191046837036,20.6491764466995,2873.91021894787,0.35233471937099,0.05,0.0,27.152896870763,7.46284804759285,0.702637943398464,239.833803652801,98.4766985561201,22.1023987786217,1.16193676758292,0.215733333333333,CLIMB,UNIT-injectordegradation-0009,long_loiter-M006,SIMULATED
33,1379.25766562994,48.5039632848365,7.00569540122259,0.2181,16.8027726648781,18.2713095550885,18.2713095550885,18.2713095550885,216.116952289944,494.105393306533,494.105393306533,494.105393306533,1.20063472846194,20.3108711765418,3.27487499204118,369.553336975743,0.695533369757431,0.070790983288252,105.467843794526,24.167516633834,0.025451884819331,20.6842025393735,2873.91021894787,0.35233471937099,0.05,0.0,27.1533276994388,7.76912362043285,0.710957559603064,247.328610016951,98.3887454657009,22.0536825372547,1.16109057831288,0.2181,CLIMB,UNIT-injectordegradation-0009,long_loiter-M006,SIMULATED
34,1395.39750431663,49.467989649973,7.2285438705347,0.220466666666667,16.8241596353547,18.3075652650929,18.3075652650929,18.3075652650929,216.04075287961,493.888375847097,493.888375847097,493.888375847097,1.20901130474033,20.3547547639161,3.31613656739738,371.804444161009,0.718044441610093,0.0732551921436201,105.626375209216,24.1920761799412,0.0257862934636428,20.7192409696901,2873.91021894787,0.35233471937099,0.05,0.0,27.1537758605166,8.0753802052104,0.719277064080736,254.823416381101,98.3008559948535,22.0049662958878,1.16024486061223,0.220466666666667,CLIMB,UNIT-injectordegradation-0009,long_loiter-M006,SIMULATED
35,1410.09195814731,50.2898232525096,7.42602082886281,0.222833333333333,16.8457267701151,18.3441882207755,18.3441882207755,18.3441882207755,215.833841136526,493.338877888928,493.338877888928,493.338877888928,1.21663772627845,20.3986456921361,3.3527983676142,373.804601478815,0.738046014788146,0.0761893498090275,105.831965089269,24.2302780463281,0.0261052048199375,20.7542833858412,2873.91021894787,0.35233471937099,0.05,0.0,27.1542409384327,8.3541839866762,0.726851524818201,262.318222745251,98.2130301083659,21.9562500545208,1.15939961429884,0.222833333333333,CLIMB,UNIT-injectordegradation-0009,long_loiter-M006,SIMULATED
36,1422.43920937139,51.0241135886536,7.60042366911322,0.2252,16.8674505348602,18.3811198749857,18.3811198749857,18.3811198749857,215.710610470054,492.992062899714,492.992062899714,492.992062899714,1.22304594966375,20.4425424114236,3.38528482658885,375.576964763308,0.755769647633078,0.0790744778511392,106.032715556154,24.267005516571,0.0263804849360847,20.7892709825052,2873.91021894787,0.35233471937099,0.05,0.0,27.1547202426904,8.58841797008087,0.733216087304841,269.813029109401,98.1252677710396,21.9075338131538,1.15855483919061,0.2252,CLIMB,UNIT-injectordegradation-0009,long_loiter-M006,SIMULATED
37,1434.44077987452,51.7563117361262,7.77453747565259,0.227566666666667,16.8893255047332,18.4183470857022,18.4183470857022,18.4183470857022,215.629973667799,492.747826853136,492.747826853136,492.747826853136,1.22927476475488,20.4864378115457,3.41774287470607,377.347778037053,0.773477780370528,0.0819499556460197,106.232564512292,24.3034059406905,0.0266499448825749,20.824191821489,2873.91021894787,0.35233471937099,0.05,0.0,27.1552125630105,8.81607769769214,0.739402463852846,277.307835473552,98.0375689476897,21.8588175717868,1.15771053510549,0.227566666666667,CLIMB,UNIT-injectordegradation-0009,long_loiter-M006,SIMULATED
38,1446.38496042909,52.4916747561664,7.95065565669305,0.229933333333333,16.9113520866409,18.4558712954315,18.4558712954315,18.4558712954315,215.570415779492,492.552839541392,492.552839541392,492.552839541392,1.2354737944627,20.5303303101373,3.45058896159064,379.139761536359,0.791397615363594,0.0848588981761833,106.435823420763,24.3407290419431,0.0269198885728453,20.8590489334159,2873.91021894787,0.35233471937099,0.05,0.0,27.1557177340787,9.04263552735995,0.745559257953139,284.802641837702,97.9499336031448,21.8101013304199,1.15686670186146,0.229933333333333,CLIMB,UNIT-injectordegradation-0009,long_loiter-M006,SIMULATED
39,1458.30541923696,53.2308222432104,8.12905912520015,0.2323,16.9335313417154,18.4936955667291,18.4936955667291,18.4936955667291,215.529008774413,492.39988536051,492.39988536051,492.39988536051,1.24166051258398,20.5742191157326,3.48387407276403,380.955696877605,0.809556968776052,0.0878063089400281,106.64299259625,24.3791159782855,0.0271910709879586,20.893846973439,2873.91021894787,0.35233471937099,0.05,0.0,27.1562357182541,9.26873028207496,0.751703824348948,292.297448201852,97.8623617022469,21.7613850890529,1.15602333927654,0.2323,CLIMB,UNIT-injectordegradation-0009,long_loiter-M006,SIMULATED
40,1470.20647185169,53.9738340057954,8.30979322459702,0.234666666666667,16.9558644234963,18.5318231753577,18.5318231753577,18.5318231753577,215.504936290115,492.28699175826,492.28699175826,492.28699175826,1.24783715889103,20.6181035324375,3.51760638725605,382.796030284004,0.827960302840039,0.0907927538348868,106.85412859334,24.4185789359482,0.0274636046345264,20.9285907731871,2873.91021894787,0.35233471937099,0.05,0.0,27.1567664930552,9.4944435899007,0.757838387552418,299.792254566002,97.7748532098516,21.7126688476859,1.15518044716879,0.234666666666667,CLIMB,UNIT-injectordegradation-0009,long_loiter-M006,SIMULATED
41,1482.08908418533,54.7207280551732,8.4928762032877,0.237033333333333,16.9783525123172,18.570257446068,18.570257446068,18.570257446068,215.49763395265,492.212810642056,492.212810642056,492.212810642056,1.25400423469218,20.66198287968,3.55178914844048,384.660938704253,0.846609387042525,0.0938182900269437,107.069237093522,24.4591152802467,0.0277375284208304,20.9632851719547,2873.91021894787,0.35233471937099,0.05,0.0,27.1573100382377,9.71979349518384,0.763963445456354,307.287060930152,97.6874080908278,21.6639526063189,1.15433802535632,0.237033333333333,CLIMB,UNIT-injectordegradation-0009,long_loiter-M006,SIMULATED
42,1493.95383597198,55.4715156366527,8.6783233540231,0.2394,17.0009968077695,18.6090017338198,18.6090017338198,18.6090017338198,215.506581323897,492.176101195122,492.176101195122,492.176101195122,1.26016204086946,20.7058564828019,3.58642505096168,386.550569150026,0.865505691500257,0.0968829184117779,107.288318151236,24.5007206859731,0.0280128727768904,20.9979349976111,2873.91021894787,0.35233471937099,0.05,0.0,27.1578663343197,9.94479071249678,0.770079296892771,314.781867294302,97.6000263100582,21.615236364952,1.15349607365726,0.2394,CLIMB,UNIT-injectordegradation-0009,long_loiter-M006,SIMULATED
43,1505.80125504114,56.2262074885668,8.86614977808155,0.241766666666667,17.0237985278284,18.6480594216829,18.6480594216829,18.6480594216829,215.531278228066,492.175671065179,492.175671065179,492.175671065179,1.26631085136635,20.7497236717197,3.6215167433571,388.465066117544,0.884650661175438,0.0999866351187887,107.511371344318,24.5433906309967,0.0282896670334844,21.0325450646782,2873.91021894787,0.35233471937099,0.05,0.0,27.1584353624061,10.1694449718205,0.776186213938732,322.276673658452,97.5127078324387,21.566520123585,1.15265459188978,0.241766666666667,CLIMB,UNIT-injectordegradation-0009,long_loiter-M006,SIMULATED
44,1517.6318546636,56.9848145360557,9.05637069679128,0.244133333333333,17.0467589087462,18.6874339206608,18.6874339206608,18.6874339206608,215.57124148659,492.210368340824,492.210368340824,492.210368340824,1.27245093257041,20.7935837804929,3.65706688480737,390.404574683687,0.904045746836873,0.103129437255085,107.738396348387,24.5871205634645,0.028567940251058,21.0671201743836,2873.91021894787,0.35233471937099,0.05,0.0,27.1590171041604,10.3937657273894,0.782284461166804,329.771480022602,97.4254526228789,21.517803882218,1.15181357987212,0.244133333333333,CLIMB,UNIT-injectordegradation-0009,long_loiter-M006,SIMULATED
45,1529.44613785017,57.7473479593765,9.24900148577876,0.2465,17.0698792050339,18.7271286697317,18.7271286697317,18.7271286697317,215.626003913696,492.279079153909,492.279079153909,492.279079153909,1.27858254554424,20.8374361469925,3.69307815146289,392.369240851156,0.923692408511555,0.106311323504902,107.969392996792,24.6319059200765,0.0288477213163165,21.101665114933,2873.91021894787,0.35233471937099,0.05,0.0,27.1596115417913,10.617762239242,0.788374297860913,337.266286386752,97.3382606463017,21.469087640851,1.15097303742252,0.2465,CLIMB,UNIT-injectordegradation-0009,long_loiter-M006,SIMULATED
46,1541.24459800967,58.5138191928834,9.44405767821217,0.248866666666667,17.0931606894521,18.7671471359143,18.7671471359143,18.7671471359143,215.695113591851,492.380725973165,492.380725973165,492.380725973165,1.28470594636702,20.8812801125824,3.72955323713189,394.359211586006,0.943592115860065,0.109532294158191,108.204361283463,24.6777421278612,0.0291290389577301,21.1361846618052,2873.91021894787,0.35233471937099,0.05,0.0,27.1602186580426,10.8414435856652,0.7944559783555,344.761092750902,97.2511318676436,21.4203713994841,1.15013296435929,0.248866666666667,CLIMB,UNIT-injectordegradation-0009,long_loiter-M006,SIMULATED
47,1553.02771920355,59.2842399165211,9.64155496457627,0.251233333333333,17.1166046530046,18.8074928143356,18.8074928143356,18.8074928143356,215.77813321133,492.514266051443,492.514266051443,492.514266051443,1.29082138626664,20.9251150218032,3.76649485333946,396.374634820876,0.963746348208758,0.112792351077088,108.443301359563,24.7246246041544,0.0294119217519737,21.1706835780451,2873.91021894787,0.35233471937099,0.05,0.0,27.160838436183,11.0648186679842,0.80052975216678,352.255899115052,97.1640662518544,21.3716551581171,1.14929336050075,0.251233333333333,CLIMB,UNIT-injectordegradation-0009,long_loiter-M006,SIMULATED
48,1564.79597634971,60.0586220466248,9.84150919202085,0.2536,17.1402124049319,18.8481692283006,18.8481692283006,18.8481692283006,215.874639448734,492.678689964099,492.678689964099,492.678689964099,1.2969291117255,20.9689402220576,3.80390572931095,398.415659454073,0.984156594540727,0.1160914976561,108.686213529508,24.7725487564009,0.0296963981291766,21.2051666145545,2873.91021894787,0.35233471937099,0.05,0.0,27.161470859996,11.2878962143891,0.80659586409779,359.750705479202,97.0770637638977,21.3229389167501,1.14845422566528,0.2536,CLIMB,UNIT-injectordegradation-0009,long_loiter-M006,SIMULATED
49,1576.54983541373,60.8369777267602,10.0439363636157,0.255966666666667,17.1639852727056,18.8891799293613,18.8891799293613,18.8891799293613,215.984222379699,492.873020227144,492.873020227144,492.873020227144,1.30302936457973,21.012755063297,3.84178861194042,400.482435347858,1.00482435347858,0.119429738782088,108.933098246959,24.8215099819475,0.0299824963778435,21.2396385103795,2873.91021894787,0.35233471937099,0.05,0.0,27.1621159137704,11.5106847835249,0.812654554336975,367.245511843352,96.9901243687502,21.2742226753831,1.1476155596713,0.255966666666667,CLIMB,UNIT-injectordegradation-0009,long_loiter-M006,SIMULATED
50,1588.28975359206,61.6193193186837,10.2488526375493,0.258333333333333,17.1879246020237,18.9305284973865,18.9305284973865,18.9305284973865,216.106484923409,493.096309989493,493.096309989493,493.096309989493,1.30912238211428,21.0565588977111,3.88014626575066,402.575113326262,1.02575113326262,0.122807080794665,109.183956110869,24.871503667851,0.0302702446495449,21.2741039929942,2873.91021894787,0.35233471937099,0.05,0.0,27.1627735822906,11.7331927679283,0.818706058552607,374.740318207502,96.9032480314023,21.2255064340162,1.14677736233725,0.258333333333333,CLIMB,UNIT-injectordegradation-0009,long_loiter-M006,SIMULATED
51,1600.01617948795,62.4056593934286,10.4562743262757,0.2607,17.2120317568057,18.9722185406313,18.9722185406313,18.9722185406313,216.24104231682,493.347641794557,493.347641794557,493.347641794557,1.31520839715424,21.1003510794176,3.91898147284573,404.693845172497,1.04693845172497,0.126223531447091,109.438787861567,24.9225251906993,0.0305596709633981,21.3085677785808,2873.91021894787,0.35233471937099,0.05,0.0,27.1634438508273,11.9554283973307,0.824750607983478,382.235124571652,96.8164347168578,21.1767901926492,1.14593963348164,0.2607,CLIMB,UNIT-injectordegradation-0009,long_loiter-M006,SIMULATED
52,1611.72955328065,63.1960107225187,10.6662178956132,0.263066666666667,17.2363081191889,19.0142536958068,19.0142536958068,19.0142536958068,216.387521616765,493.62612640685,493.62612640685,493.62612640685,1.32128763815266,21.1441309641557,3.95829703285611,406.838783625964,1.06838783625964,0.129679099867641,109.697594376898,24.9745699164476,0.0308508032103476,21.3430345723069,2873.91021894787,0.35233471937099,0.05,0.0,27.1641267051284,12.1773997418315,0.83078842952611,389.729930935802,96.7296843901339,21.1280739512822,1.14510237292298,0.263066666666667,CLIMB,UNIT-injectordegradation-0009,long_loiter-M006,SIMULATED
53,1623.43030688821,63.9903862693072,10.878699963793,0.265433333333333,17.2607550895245,19.0566376281499,19.0566376281499,19.0566376281499,216.545561228161,493.930901699552,493.930901699552,493.930901699552,1.32736032927498,21.1878979089799,3.99809576287683,409.010082378876,1.09010082378876,0.13317379652146,109.960376668407,25.0276332002693,0.031143669157254,21.3775090685985,2873.91021894787,0.35233471937099,0.05,0.0,27.1648221314103,12.3991147149536,0.836819745818667,397.224737299952,96.6429970162614,21.0793577099152,1.14426558047986,0.265433333333333,CLIMB,UNIT-injectordegradation-0009,long_loiter-M006,SIMULATED
54,1635.1188641242,64.7887991804416,11.0937373004627,0.2678,17.2853740863747,19.0993740314923,19.0993740314923,19.0993740314923,216.714810456723,494.261131599283,494.261131599283,494.261131599283,1.33342669048046,21.2316512719578,4.03838049739848,411.207896072496,1.11207896072496,0.136707633172875,110.227135877572,25.0817103864205,0.0314382964507989,21.41199595141,2873.91021894787,0.35233471937099,0.05,0.0,27.1655301163485,12.6205810765837,0.842844775321752,404.719543664102,96.5563725602845,21.0306414685483,1.14342925597088,0.2678,CLIMB,UNIT-injectordegradation-0009,long_loiter-M006,SIMULATED
55,1646.79564084879,65.5912627774533,11.3113468256433,0.270166666666667,17.3101665465098,19.1424666283304,19.1424666283304,19.1424666283304,216.894929084667,494.616005084589,494.616005084589,494.616005084589,1.33948693760052,21.2753904118688,4.07915408823144,413.432380293004,1.13432380293004,0.140280622848189,110.49787327208,25.1367968081192,0.0317347126212149,21.4464998944898,2873.91021894787,0.35233471937099,0.05,0.0,27.1662506470695,12.841806435807,0.848863732396282,412.214350028252,96.4698109872606,20.9819252271813,1.14259339921468,0.270166666666667,CLIMB,UNIT-injectordegradation-0009,long_loiter-M006,SIMULATED
56,1658.46104511445,66.3977905484705,11.5315456086426,0.272533333333333,17.3351339249057,19.1859191698937,19.1859191698937,19.1859191698937,217.085586968007,494.994735234892,494.994735234892,494.994735234892,1.3455412824144,21.3191146879057,4.12041940442347,415.683691566998,1.15683691566998,0.143892779798919,110.772590242153,25.1928877874378,0.0320329450858462,21.4810255616435,2873.91021894787,0.35233471937099,0.05,0.0,27.1669837111423,13.0627982536402,0.854876827378581,419.709156392402,96.383312262261,20.9332089858143,1.14175801002996,0.272533333333333,CLIMB,UNIT-injectordegradation-0009,long_loiter-M006,SIMULATED
57,1670.11547730654,67.2083961400561,11.754350866925,0.2749,17.3602776947417,19.229735436214,19.229735436214,19.229735436214,217.286463654138,495.396558326872,495.396558326872,495.396558326872,1.3515899327221,21.3628234593791,4.16217933217069,417.961987356638,1.17961987356638,0.147544119465497,111.05128829692,25.24997863521,0.0323330211525482,21.5155776069922,2873.91021894787,0.35233471937099,0.05,0.0,27.1677292965698,13.2835638456698,0.860884266652858,427.203962756552,96.2968763503701,20.8844927444473,1.14092308823545,0.2749,CLIMB,UNIT-injectordegradation-0009,long_loiter-M006,SIMULATED
58,1681.75933027916,68.0230933491673,11.9797799649405,0.277266666666667,17.3855993473985,19.2739192361933,19.2739192361933,19.2739192361933,217.497248018491,495.820732975449,495.820732975449,495.820732975449,1.35763309241488,21.4065160854238,4.20443677472226,420.267426054448,1.20267426054448,0.15123465844142,111.333969060828,25.3080646509511,0.0326349680229315,21.5501606752278,2873.91021894787,0.35233471937099,0.05,0.0,27.1684873917809,13.5041103845998,0.866886252721217,434.698769120702,96.2105032166859,20.8357765030804,1.1400886336499,0.277266666666667,CLIMB,UNIT-injectordegradation-0009,long_loiter-M006,SIMULATED
59,1693.39298948637,68.8418961152386,12.2078504129132,0.279633333333333,17.4111003924568,19.3184744076714,19.3184744076714,19.3184744076714,217.717637919127,496.266539316746,496.266539316746,496.266539316746,1.36367096154343,21.4501919247083,4.24719465227884,422.600166977775,1.22600166977775,0.15496441443784,111.620634270104,25.3671411227919,0.0329388127954583,21.5847794018644,2873.91021894787,0.35233471937099,0.05,0.0,27.1692579856223,13.7244449027151,0.872882984271324,442.193575484852,96.1241928263198,20.7870602617133,1.13925464609212,0.279633333333333,CLIMB,UNIT-injectordegradation-0009,long_loiter-M006,SIMULATED
60,1705.01683310923,69.6648185123869,12.4385798655901,0.282,17.4367823576957,19.3634048174937,19.3634048174937,19.3634048174937,217.947339868208,496.733278230552,496.733278230552,496.733278230552,1.36970373638369,21.4938503351467,4.290455901885,424.960370362918,1.24960370362918,0.158733406248613,111.911285769258,25.427203327426,0.0332445824683951,21.6194384134864,2873.91021894787,0.35233471937099,0.05,0.0,27.1700410673509,13.9445742942638,0.878874656241873,449.688381849003,96.0379451443965,20.7383440203464,1.13842112538097,0.282,CLIMB,UNIT-injectordegradation-0009,long_loiter-M006,SIMULATED
61,1716.63123217875,70.491874741738,12.6719861209536,0.284366666666667,17.4626467890911,19.4087143615773,19.4087143615773,19.4087143615773,218.18606871937,497.220270600003,497.220270600003,497.220270600003,1.37573160950077,21.537490673614,4.33422347731578,427.348197358939,1.27348197358939,0.162541653715766,112.205925507631,25.4882465300701,0.0335523039426288,21.6541423279917,2873.91021894787,0.35233471937099,0.05,0.0,27.1708366266257,14.1645053177646,0.884861459885953,457.183188213153,95.9517601360544,20.6896277789794,1.13758807133531,0.284366666666667,CLIMB,UNIT-injectordegradation-0009,long_loiter-M006,SIMULATED
62,1728.23655069497,71.3230791238749,12.9080871188963,0.286733333333333,17.4886952508151,19.4544069649774,19.4544069649774,19.4544069649774,218.433547370054,497.726856606337,497.726856606337,497.726856606337,1.38175476981069,21.5811122956633,4.37850034895745,429.763810021161,1.29763810021161,0.166389177695423,112.504555535987,25.5502659844386,0.0338620040243514,21.6888957548325,2873.91021894787,0.35233471937099,0.05,0.0,27.1716446535004,14.3842445982418,0.89084358283246,464.677994577303,95.8656377664452,20.6409115376125,1.13675548377408,0.286733333333333,CLIMB,UNIT-injectordegradation-0009,long_loiter-M006,SIMULATED
63,1739.83314574251,72.158446091407,13.1469009398612,0.2891,17.5149293252346,19.500486581952,19.500486581952,19.500486581952,218.689506477957,498.252395056701,498.252395056701,498.252395056701,1.38777340264036,21.6247145552471,4.42328950368286,432.207371304363,1.32207371304363,0.170276000024154,112.807178003149,25.6132569327296,0.0341737094276183,21.7237032952516,2873.91021894787,0.35233471937099,0.05,0.0,27.172465138416,14.6037986293929,0.896821209145625,472.172800941453,95.7795780007339,20.5921952962454,1.13592336251624,0.2891,CLIMB,UNIT-injectordegradation-0009,long_loiter-M006,SIMULATED
64,1751.42136760667,72.9979901817562,13.388445803497,0.291466666666667,17.5413506129102,19.5469571960268,19.5469571960268,19.5469571960268,218.953684190626,498.796262742737,498.796262742737,498.796262742737,1.39378768978786,21.6682968044408,4.46859394473015,434.679045056168,1.34679045056168,0.174202143486561,113.113795152755,25.6772146056474,0.0344874467768869,21.7585695425147,2873.91021894787,0.35233471937099,0.05,0.0,27.173298072193,14.8231737757688,0.902794519384881,479.667607305603,95.6935808040992,20.5434790548785,1.13509170738078,0.291466666666667,CLIMB,UNIT-injectordegradation-0009,long_loiter-M006,SIMULATED
65,1763.00155986747,73.8417260296149,13.6327400670543,0.293833333333333,17.5679607325958,19.5938228200586,19.5938228200586,19.5938228200586,219.225825888339,499.357853830519,499.357853830519,499.357853830519,1.39979780957122,21.7118583931697,4.51441669153501,437.178996007884,1.37178996007884,0.178167631779592,113.424409319692,25.7421342223341,0.0348032426089667,21.7934990821396,2873.91021894787,0.35233471937099,0.05,0.0,27.1741434460248,15.0423762745365,0.908763690653335,487.162413669753,95.607646141733,20.4947628135115,1.13426051818674,0.293833333333333,CLIMB,UNIT-injectordegradation-0009,long_loiter-M006,SIMULATED
66,1774.57405952425,74.689668360322,13.8798022241516,0.2962,17.5947613212372,19.641087496298,19.641087496298,19.641087496298,219.505683937501,499.93657927482,499.93657927482,499.93657927482,1.40580393689309,21.7553986689391,4.56076077963119,439.707389769084,1.39707389769084,0.182172489483871,113.739022927228,25.808010990498,0.035121123375697,21.8284964921209,2873.91021894787,0.35233471937099,0.05,0.0,27.1750012514701,15.261412237821,0.914728896661986,494.657220033903,95.5217739788406,20.4460465721446,1.13342979475322,0.2962,CLIMB,UNIT-injectordegradation-0009,long_loiter-M006,SIMULATED
67,1786.13919709032,75.5418319827186,14.1296509031913,0.298566666666667,17.6217540339714,19.6887552964515,19.6887552964515,19.6887552964515,219.79301745631,500.53186626243,500.53186626243,500.53186626243,1.41180624328988,21.7989169765672,4.60762926048748,442.264392818708,1.42264392818708,0.186216742030178,114.057638483659,25.8748401064056,0.0354411154458434,21.8635663431511,2873.91021894787,0.35233471937099,0.05,0.0,27.1758714804458,15.4802876544814,0.920690307778518,502.152026398053,95.4359642806409,20.3973303307775,1.13259953689931,0.298566666666667,CLIMB,UNIT-injectordegradation-0009,long_loiter-M006,SIMULATED
68,2046.57103220753,102.550408446368,21.9782361337242,0.375104219818676,17.6511700403219,19.7423979299775,19.7423979299775,19.7423979299775,232.630996676487,527.187350515979,527.187350515979,527.187350515979,1.54697036571571,21.8412087091989,6.03116425067261,519.928171218332,2.19928171218332,0.297313936038096,125.081610616176,28.8004817772492,0.0441021267250109,21.9044137203316,2873.91021894787,0.35233471937099,0.05,0.0,27.1768589493061,20.4193399535832,1.05493352175646,509.646832762203,95.3502170123662,20.3486140894106,1.13176974444418,0.375104219818676,CLIMB,UNIT-injectordegradation-0009,long_loiter-M006,SIMULATED
69,2097.13476602456,99.0954781449463,21.7625005687698,0.360726963293123,17.6837687466758,19.8038822213249,19.8038822213249,19.8038822213249,226.924197151914,513.658539959098,513.658539959098,513.658539959098,1.57321294356675,21.8833711224878,5.99621398007126,518.021389797639,2.18021389797639,0.295468057385046,124.811337877767,28.7094668872832,0.0451076861457178,21.9528844644153,2873.91021894787,0.35233471937099,0.05,0.0,27.1780712354032,21.3774295108068,1.08099730207452,517.141639126353,95.2645321392619,20.2998978480436,1.13094041720703,0.360726963293123,CLIMB,UNIT-injectordegradation-0009,long_loiter-M006,SIMULATED
70,2060.22589031955,96.2438170124427,20.7642523003221,0.352290198585872,17.7157519034204,19.8637071984115,19.8637071984115,19.8637071984115,226.054401253657,512.115133395616,512.115133395616,512.115133395616,1.55405723707585,21.9260695125224,5.81740855671019,508.266304834987,2.08266304834987,0.282271762578552,123.406085884442,28.3227417276972,0.0438710814302477,21.9992171400538,2873.91021894787,0.35233471937099,0.05,0.0,27.1792608551578,20.6765044644507,1.06197210841214,524.636445490503,95.1789096265873,20.2511816066767,1.13011155500709,0.352290198585872,CLIMB,UNIT-injectordegradation-0009,long_loiter-M006,SIMULATED
71,2052.77177676987,96.3083216293761,20.7029913395681,0.352990603418577,17.7474068417677,19.9225984127075,19.9225984127075,19.9225984127075,226.557081574289,513.396437685792,513.396437685792,513.396437685792,1.55018855214356,21.9688286614926,5.8078009569034,507.742143147714,2.07742143147714,0.281801931929766,123.273542632591,28.2670346605958,0.0436734724943952,22.0441732296115,2873.91021894787,0.35233471937099,0.05,0.0,27.1804250223496,20.53425512593,1.05812978184014,532.131251854653,95.0933494396147,20.2024653653096,1.12928315766364,0.352990603418577,CLIMB,UNIT-injectordegradation-0009,long_loiter-M006,SIMULATED
72,2041.57939802011,95.0497556089275,20.3210384241714,0.349110074316878,17.7789790398187,19.9811729013602,19.9811729013602,19.9811729013602,225.963613877465,512.210614270424,512.210614270424,512.210614270424,1.54437970757244,22.011673973504,5.74044823094586,504.067581426758,2.04067581426758,0.277022910085375,122.710142552167,28.0983832466139,0.0432610426738831,22.0883939635921,2873.91021894787,0.35233471937099,0.05,0.0,27.1815830266575,20.3211311828912,1.05236051444335,539.626058218803,95.00785154363,20.1537491239427,1.12845522499598,0.349110074316878,CLIMB,UNIT-injectordegradation-0009,long_loiter-M006,SIMULATED
73,2033.40197512353,94.5613029457706,20.1356339137979,0.347855259435606,17.8103809053298,20.0392151920801,20.0392151920801,20.0392151920801,225.969377254357,512.363451651658,512.363451651658,512.363451651658,1.54013562508911,22.0546043286439,5.7084796415446,502.323471545282,2.02323471545282,0.274883267239562,122.410742627889,27.9986766553872,0.0429968645593319,22.1316666103802,2873.91021894787,0.35233471937099,0.05,0.0,27.1827286693332,20.1652069102328,1.04814534800182,547.120864582953,94.9224159039323,20.1050328825757,1.12762775682348,0.347855259435606,CLIMB,UNIT-injectordegradation-0009,long_loiter-M006,SIMULATED
74,2111.10860423631,103.270990778175,22.8306111604644,0.375708064659665,17.8425875773545,20.0991636675893,20.0991636675893,20.0991636675893,230.521520190693,521.973501534536,521.973501534536,521.973501534536,1.58046536559864,22.0970666609727,6.19680227038051,528.964882325428,2.28964882325428,0.31200487314738,126.037529800572,28.9211760532807,0.0458222219385075,22.1764954256781,2873.91021894787,0.35233471937099,0.05,0.0,27.1839041376833,21.6378158370059,1.08820031146202,554.615670947103,94.8370424858345,20.0563166412088,1.12680075296552,0.375708064659665,CLIMB,UNIT-injectordegradation-0009,long_loiter-M006,SIMULATED
75,2146.60452412804,104.51107883796,23.4932439940546,0.378657299505132,17.8760915654034,20.1622396384621,20.1622396384621,20.1622396384621,230.049206256096,520.560343338451,520.560343338451,520.560343338451,1.59888774802245,22.1393045472564,6.31880171052164,535.620804062039,2.35620804062039,0.321586527412552,126.910383995918,29.1243979855515,0.0468838001282389,22.2241119485509,2873.91021894787,0.35233471937099,0.05,0.0,27.1851554433115,22.3098660829915,1.10649717738559,562.110477311253,94.7517312546624,20.0076003998417,1.12597421324154,0.378657299505132,CLIMB,UNIT-injectordegradation-0009,long_loiter-M006,SIMULATED
76,2088.94402343499,97.7386768000009,21.3806978274748,0.357329329932169,17.9091445729557,20.2240704191802,20.2240704191802,20.2240704191802,226.509717836282,513.165199954856,513.165199954856,513.165199954856,1.56896194816276,22.1820518082271,5.93931237222176,514.91700958003,2.1491700958003,0.293339309552632,124.000413131019,28.3515459083587,0.0446925735545713,22.2700248310516,2873.91021894787,0.35233471937099,0.05,0.0,27.1863948588391,21.2155849573531,1.07677526981185,569.605283675403,94.6664821757555,19.9588841584748,1.125148137471,0.357329329932169,CLIMB,UNIT-injectordegradation-0009,long_loiter-M006,SIMULATED
77,2095.07088453899,100.523231805711,22.0543256029344,0.367127496539505,17.9416283228497,20.2843699331744,20.2843699331744,20.2843699331744,228.925754719944,518.6648005145,518.6648005145,518.6648005145,1.57214178907574,22.2248294094292,6.06213099218293,521.617623298539,2.21617623298539,0.302835150853403,124.864810299807,28.5551897480026,0.045105653013527,22.3139627746175,2873.91021894787,0.35233471937099,0.05,0.0,27.1875912500519,21.3308137637074,1.07993344563866,577.100090039553,94.5812952144667,19.9101679171078,1.12432252547342,0.367127496539505,CLIMB,UNIT-injectordegradation-0009,long_loiter-M006,SIMULATED
78,2127.90563097125,103.277767737562,23.0137729575058,0.375598717866058,17.9747622955458,20.3461872261328,20.3461872261328,20.3461872261328,229.990788197232,520.785466267371,520.785466267371,520.785466267371,1.58918302247408,22.2673657108617,6.23730898043999,531.174806335338,2.31174806335338,0.316390645667784,126.135234902941,28.8624123650646,0.046231604270264,22.3590561736257,2873.91021894787,0.35233471937099,0.05,0.0,27.1888172729408,21.9523551419651,1.09685857266559,584.594896403703,94.4961703361621,19.8614516757409,1.12349737706834,0.375598717866058,CLIMB,UNIT-injectordegradation-0009,long_loiter-M006,SIMULATED
79,2148.08708771854,104.710214254756,23.5542646705619,0.379908276088542,18.0084436775526,20.4092616031431,20.4092616031431,20.4092616031431,230.424708229386,521.602893025035,521.602893025035,521.602893025035,1.59965719852592,22.3098163314838,6.33681463536172,536.603534948708,2.36603534948708,0.324228366664607,126.833944172682,29.0209702642434,0.0469039713228494,22.4050298042666,2873.91021894787,0.35233471937099,0.05,0.0,27.1900727391874,22.3339375089908,1.10726138542193,592.089702767853,94.4111075062213,19.8127354343738,1.12267269207535,0.379908276088542,CLIMB,UNIT-injectordegradation-0009,long_loiter-M006,SIMULATED
80,2162.53616352917,105.920215370444,23.9867192453589,0.383672559432442,18.0424787635773,20.4731070080751,20.4731070080751,20.4731070080751,230.920926868238,522.623280339678,522.623280339678,522.623280339678,1.60715626887164,22.352222775386,6.41669916836329,540.961794289972,2.40961794289972,0.330575660027841,127.383672692821,29.1407844963423,0.0474053338619577,22.4513813940025,2873.91021894787,0.35233471937099,0.05,0.0,27.1913458041958,22.6068017033952,1.1147093626439,599.584509132003,94.3261066900373,19.7640191930069,1.12184847031408,0.383672559432442,CLIMB,UNIT-injectordegradation-0009,long_loiter-M006,SIMULATED
81,2094.69190364706,97.954503617809,21.4868711864344,0.358619514714159,18.0759138124255,20.5353408811755,20.5353408811755,20.5353408811755,226.783299928635,513.989463909885,513.989463909885,513.989463909885,1.57194509799283,22.3951498582841,5.96709853170332,516.432938691314,2.16432938691314,0.296968017199231,123.93796957294,28.2301580633211,0.0448110217989238,22.495670285885,2873.91021894787,0.35233471937099,0.05,0.0,27.1925979473115,21.3197023611623,1.07973809466343,607.079315496153,94.2411678530164,19.7153029516399,1.12102471160419,0.358619514714159,CLIMB,UNIT-injectordegradation-0009,long_loiter-M006,SIMULATED
82,2090.17732192306,99.919679098275,21.8707048623738,0.365964787480575,18.1085371700705,20.5954455359393,20.5954455359393,20.5954455359393,228.93588672193,519.000354059293,519.000354059293,519.000354059293,1.56960203007807,22.4381753705665,6.03748084806744,520.27278573339,2.2027278573339,0.302524124092578,124.408703369836,28.3317327867568,0.0448691523009099,22.5373915530851,2873.91021894787,0.35233471937099,0.05,0.0,27.193794492354,21.2331894632925,1.07741099068199,614.574121860303,94.1562909605782,19.666586710273,1.12020141576538,0.365964787480575,CLIMB,UNIT-injectordegradation-0009,long_loiter-M006,SIMULATED
83,2057.18265214267,95.6247394713365,20.6002142036845,0.35220540724037,18.1410043134404,20.6550635656194,20.6550635656194,20.6550635656194,226.525483319096,513.90904876052,513.90904876052,513.90904876052,1.55247779646205,22.4813742204557,5.8094814708336,507.833826922523,2.07833826922523,0.285561241443587,122.627600122515,27.8450900915178,0.0435990115405836,22.5782400494953,2873.91021894787,0.35233471937099,0.05,0.0,27.1949854381419,20.6068662994589,1.06040342893952,622.068928224453,94.071475978156,19.6178704689059,1.11937858261741,0.35220540724037,CLIMB,UNIT-injectordegradation-0009,long_loiter-M006,SIMULATED
84,1936.59268411583,83.6644106636028,16.967101624824,0.317531664517624,18.1718826660789,20.7106229837229,20.7106229837229,20.7106229837229,220.924907556395,502.441124723102,502.441124723102,502.441124723102,1.48989160305612,22.5252886678648,5.15066268033557,471.890659453143,1.71890659453143,0.234918222324643,117.47854510366,26.4500298597802,0.0395029897622668,22.6145714977264,2873.91021894787,0.35233471937099,0.05,0.0,27.1960968322378,18.3204102662073,0.998243651606099,629.563734588604,93.9867228711962,19.569154227539,1.11855621198005,0.317531664517624,CLIMB,UNIT-injectordegradation-0009,long_loiter-M006,SIMULATED
85,1933.45603331019,87.8796424876378,17.7930828151909,0.333560211731491,18.2015819481943,20.763165755005,20.763165755005,20.763165755005,225.519189635151,513.075508103016,513.075508103016,513.075508103016,1.48826368128799,22.5690823453553,5.30119898590143,480.1034665546,1.801034665546,0.246352306818147,118.537262286973,26.7148736392179,0.0397592854167193,22.6474950600861,2873.91021894787,0.35233471937099,0.05,0.0,27.197115000219,18.2602758156485,0.996626821293911,637.058540952754,93.9020316051584,19.520437986172,1.11773430367312,0.333560211731491,CLIMB,UNIT-injectordegradation-0009,long_loiter-M006,SIMULATED
86,1921.1837472811,84.7144945249358,17.0433611086428,0.323222441307593,18.2315608248855,20.8163409187986,20.8163409187986,20.8163409187986,223.031618453917,507.558561254263,507.558561254263,507.558561254263,1.48189436483889,22.6128514062062,5.16673887287656,472.767728063062,1.72767728063062,0.236311352943952,117.448537439911,26.3995729351478,0.0391852646625705,22.680761054156,2873.91021894787,0.35233471937099,0.05,0.0,27.1981520080728,18.0269931764052,0.990300900660359,644.553347316904,93.817402145516,19.4717217448051,1.11691285751649,0.323222441307593,CLIMB,UNIT-injectordegradation-0009,long_loiter-M006,SIMULATED
87,1945.39453596516,88.6146394355287,18.0526841763316,0.33537028067556,18.2614851747073,20.8693154403062,20.8693154403062,20.8693154403062,225.749671409067,513.576773658452,513.576773658452,513.576773658452,1.49445976416592,22.6565100771399,5.35171329683208,482.859375104215,1.82859375104215,0.250961157574784,118.828950215234,26.7510997583742,0.0400983835825166,22.7135200970925,2873.91021894787,0.35233471937099,0.05,0.0,27.1991783675312,18.4851425233502,1.00278068864184,652.048153681054,93.7328344577554,19.423005503438,1.11609187333006,0.33537028067556,CLIMB,UNIT-injectordegradation-0009,long_loiter-M006,SIMULATED
88,1935.7943189475,86.0364363522521,17.4409542338262,0.32698265412849,18.2916989702422,20.9229478296948,20.9229478296948,20.9229478296948,223.72785601294,509.102324081073,509.102324081073,509.102324081073,1.48947725153375,22.700219159539,5.24231583895193,476.890979536235,1.76890979536235,0.242840461929836,117.93237470036,26.4882526242432,0.0396341885469233,22.7466504494416,2873.91021894787,0.35233471937099,0.05,0.0,27.2002280734734,18.3024981196506,0.997832123168815,659.542960045204,93.6483285073766,19.3742892620711,1.11527135093376,0.32698265412849,CLIMB,UNIT-injectordegradation-0009,long_loiter-M006,SIMULATED
89,1959.68696132334,89.6705168552125,18.4019986312774,0.338104413299876,18.3219093698106,20.9765078509932,20.9765078509932,20.9765078509932,226.175334462284,514.497687174879,514.497687174879,514.497687174879,1.50187753292682,22.7438176505207,5.41858172640414,486.507515074094,1.86507515074094,0.256842606577918,119.248144917684,26.8214424520725,0.0405259678438013,22.7794073673006,2873.91021894787,0.35233471937099,0.05,0.0,27.2012709912763,18.7545618133623,1.01014791820791,667.037766409354,93.5638842598927,19.3255730207041,1.11445129014758,0.338104413299876,CLIMB,UNIT-injectordegradation-0009,long_loiter-M006,SIMULATED
90,2043.15991964687,97.1601287601575,20.7883040486592,0.359382061190033,18.3533229208772,21.0330077743546,21.0330077743546,21.0330077743546,229.204137771236,520.54440765041,520.54440765041,520.54440765041,1.54519999829672,22.7869625753148,5.85420715797988,510.273925605906,2.10273925605906,0.290954235180718,122.574925198902,27.6840124563787,0.0433063950554976,22.8148736073275,2873.91021894787,0.35233471937099,0.05,0.0,27.202376259961,20.3355475649028,1.05317521631282,674.532572773504,93.4795016808304,19.2768567793372,1.11363169079153,0.359382061190033,CLIMB,UNIT-injectordegradation-0009,long_loiter-M006,SIMULATED
91,2061.18426643652,96.8954423164622,20.9145625966915,0.357809008835733,18.3856620698471,21.0917437204534,21.0917437204534,21.0917437204534,228.111125136807,517.905036442785,517.905036442785,517.905036442785,1.55455463428055,22.8300922035193,5.87945327529973,511.651277672766,2.11651277672766,0.293249769685372,122.720157704267,27.701178883989,0.0437377036885762,22.8523050103164,2873.91021894787,0.35233471937099,0.05,0.0,27.2035450819362,20.6762065394685,1.06246611671986,682.027379137654,93.3951807357297,19.2281405379701,1.11281255268566,0.357809008835733,CLIMB,UNIT-injectordegradation-0009,long_loiter-M006,SIMULATED
92,2048.85759923892,95.6636191231034,20.5251906520949,0.354076395480261,18.41788404239,21.1501076867707,21.1501076867707,21.1501076867707,227.614546505766,516.959186107209,516.959186107209,516.959186107209,1.548157094005,22.8733682128893,5.81046540856897,507.887507599687,2.07887507599687,0.288277765404589,122.138697930603,27.5270608947017,0.0432951986430616,22.8890232621665,2873.91021894787,0.35233471937099,0.05,0.0,27.204711039116,20.4417596553973,1.05611216455614,689.522185501804,93.3109213901437,19.1794242966032,1.11199387565008,0.354076395480261,CLIMB,UNIT-injectordegradation-0009,long_loiter-M006,SIMULATED
93,2010.93464047814,91.9275946921798,19.3585342047886,0.342380391528808,18.4496068737534,21.2071490110031,21.2071490110031,21.2071490110031,225.974207903785,513.677336037632,513.677336037632,513.677336037632,1.52847507840815,22.9168688512646,5.60016479290938,496.414139874622,1.96414139874622,0.272465468576047,120.473270467244,27.0645748976249,0.0419789774085145,22.9240626531566,2873.91021894787,0.35233471937099,0.05,0.0,27.2058515448829,19.7223838696593,1.03656424766914,697.016991865954,93.2267236096392,19.1307080552362,1.11117565950492,0.342380391528808,CLIMB,UNIT-injectordegradation-0009,long_loiter-M006,SIMULATED
94,1988.02648084726,90.6342738164382,18.8687548664871,0.339514942380104,18.4807562924041,21.2626891593861,21.2626891593861,21.2626891593861,225.971114661498,513.977032205472,513.977032205472,513.977032205472,1.51658574355973,22.9604637090365,5.51221613306385,491.615926078768,1.91615926078768,0.265843939373977,119.726981297194,26.8442563167879,0.0412739686596697,22.957256309324,2873.91021894787,0.35233471937099,0.05,0.0,27.2069550700295,19.2875651322175,1.02475591796251,704.511798230104,93.1425873597961,19.0819918138693,1.11035790407035,0.339514942380104,CLIMB,UNIT-injectordegradation-0009,long_loiter-M006,SIMULATED
95,2067.87237989858,99.6932493626259,21.5882829665224,0.368134088603425,18.5126043376306,21.3199104139017,21.3199104139017,21.3199104139017,230.715384209088,523.975849719619,523.975849719619,523.975849719619,1.55802576516736,23.0035570146631,6.0075168176291,518.638038547007,2.18638038547007,0.304198665234242,123.478379129632,27.8160550702165,0.0441338799051618,22.9918754145106,2873.91021894787,0.35233471937099,0.05,0.0,27.2080819217285,20.7994668464272,1.06591359788587,712.006604594254,93.0585126062076,19.0332755725022,1.10954060916658,0.368134088603425,CLIMB,UNIT-injectordegradation-0009,long_loiter-M006,SIMULATED
96,2101.621764255,100.565979586523,22.1326931832111,0.369904309176852,18.5457021881615,21.3801806010507,21.3801806010507,21.3801806010507,229.933250953344,521.870113971765,521.870113971765,521.870113971765,1.57554169564835,23.0464714810597,6.10881899739343,524.164780140899,2.24164780140899,0.31229694094337,124.204193408818,27.9846907898894,0.0450925711435925,23.0293014999272,2873.91021894787,0.35233471937099,0.05,0.0,27.2092865146737,21.4379082467207,1.08331018776031,719.501410958404,92.9744993144805,18.9845593311353,1.10872377461387,0.369904309176852,CLIMB,UNIT-injectordegradation-0009,long_loiter-M006,SIMULATED
97,2161.43801270929,107.052481012351,24.2308215838588,0.390303295174643,18.5795977141845,21.4423637339953,21.4423637339953,21.4423637339953,233.082495777976,528.404328630816,528.404328630816,528.404328630816,1.60658632859612,23.0890750244304,6.49017225721512,544.970264563108,2.44970264563108,0.341674649927778,127.058012443012,28.7017801573235,0.0473288632048302,23.0683567080276,2873.91021894787,0.35233471937099,0.05,0.0,27.2105288327919,22.5700613646338,1.11414330552025,726.996217322554,92.8905474502346,18.9358430897683,1.10790740023251,0.390303295174643,CLIMB,UNIT-injectordegradation-0009,long_loiter-M006,SIMULATED
98,2226.34374996578,112.48518263052,26.2250398310093,0.406435287125771,18.6149409523244,21.508075551485,21.508075551485,21.508075551485,234.950108704849,531.942699514848,531.942699514848,531.942699514848,1.64027240623224,23.1312045994624,6.85268018930125,564.747604705608,2.64747604705608,0.369502444521122,129.756901431216,29.3681186229429,0.0496759599463382,23.110678730242,2873.91021894787,0.35233471937099,0.05,0.0,27.2118443054207,23.7984556962711,1.14759987111638,734.491023686704,92.8066569791034,18.8871268484014,1.10709148584282,0.406435287125771,CLIMB,UNIT-injectordegradation-0009,long_loiter-M006,SIMULATED
99,2255.6518676442,114.307630346464,27.0007552460069,0.411519117767961,18.6512608594769,21.5761287794181,21.5761287794181,21.5761287794181,235.267878654298,532.372445169516,532.372445169516,532.372445169516,1.65548331930734,23.1731372273408,6.99497307665086,572.510675755604,2.72510675755604,0.380579607946473,130.780788661381,29.6053589629436,0.0506872999463882,23.1550278376118,2873.91021894787,0.35233471937099,0.05,0.0,27.213212261804,24.3524043356091,1.16270714827021,741.985830050854,92.7228278667333,18.8384106070343,1.10627603126518,0.411519117767961,CLIMB,UNIT-injectordegradation-0009,long_loiter-M006,SIMULATED
100,2239.81281806781,111.971824196628,26.2632880707151,0.404305296351474,18.6876237096428,21.6441862953336,21.6441862953336,21.6441862953336,234.016465215933,529.774720609121,529.774720609121,529.774720609121,1.64726285257719,23.2152551606419,6.86403591010721,565.367138605598,2.65367138605599,0.371002494498134,129.739309528598,29.3220134823555,0.0499773337195843,23.1989996654484,2873.91021894787,0.35233471937099,0.05,0.0,27.2145877652883,24.0511704741136,1.15454268972568,749.480636415004,92.6390600787843,18.7896943656674,1.10546103631999,0.404305296351474,CLIMB,UNIT-injectordegradation-0009,long_loiter-M006,SIMULATED
101,2292.65054160962,118.828776300972,28.5291022124617,0.425656186210803,18.7244129932091,21.713208956618,21.713208956618,21.713208956618,237.577353709604,537.251685504954,537.251685504954,537.251685504954,1.67468563109539,23.2570297254539,7.27375943200337,587.720419016021,2.87720419016021,0.402345357084794,132.789889289409,30.0660746501454,0.0522306730295856,23.2435857558195,2873.91021894787,0.35233471937099,0.05,0.0,27.2159721852901,25.050680719911,1.18177862969568,756.975442779154,92.5553535809298,18.7409781243004,1.10464650082771,0.425656186210803,CLIMB,UNIT-injectordegradation-0009,long_loiter-M006,SIMULATED
102,2365.21596438834,125.454481772954,31.0731728181521,0.444877366563013,18.7629134112981,21.7863993637583,21.7863993637583,21.7863993637583,239.942624728998,541.765435070752,541.765435070752,541.765435070752,1.71234708551755,23.2980935862454,7.73383269534688,612.820629561078,3.12820629561078,0.437241248793722,136.195833218228,30.8846993004746,0.0551171106156662,23.2920526179255,2873.91021894787,0.35233471937099,0.05,0.0,27.2174320427098,26.4236348847888,1.21918348679811,764.470249143304,92.4717083388562,18.6922618829335,1.10383242460881,0.444877366563013,CLIMB,UNIT-injectordegradation-0009,long_loiter-M006,SIMULATED
103,2302.56871028111,116.198157886769,28.0182147602638,0.416389312482947,18.8013976454502,21.8594307056651,21.8594307056651,21.8594307056651,235.051899930404,531.53806291594,531.53806291594,531.53806291594,1.67983316063589,23.3396890381096,7.18717519311076,582.996643914869,2.82996643914869,0.396374573195682,132.025581637832,29.8340877451938,0.052194631979131,23.3399407569784,2873.91021894787,0.35233471937099,0.05,0.0,27.2189090965102,25.2358052021208,1.18689108777377,771.965055507454,92.3881243182634,18.6435456415664,1.10301880748383,0.416389312482947,CLIMB,UNIT-injectordegradation-0009,long_loiter-M006,SIMULATED
104,2258.89540906055,113.723794418436,26.9014743454983,0.410082776242583,18.8383398657467,21.9285014903534,21.9285014903534,21.9285014903534,234.91258919119,531.776966487736,531.776966487736,531.776966487736,1.65716671730242,23.3819193017722,6.98656435542104,572.051921269962,2.72051921269962,0.381640202461663,130.468621731031,29.4228035201318,0.0506695771754781,23.3833791170174,2873.91021894787,0.35233471937099,0.05,0.0,27.2203110784034,24.407475539927,1.16437907683533,779.459861871604,92.3046014848647,18.5948294001995,1.10220564927332,0.410082776242583,CLIMB,UNIT-injectordegradation-0009,long_loiter-M006,SIMULATED
105,2253.25280821889,113.723231129145,26.834142976583,0.410501299052613,18.8749411012507,21.9966241822484,21.9966241822484,21.9966241822484,235.22074777978,532.587237295421,532.587237295421,532.587237295421,1.65423820746561,23.4242019011379,6.97593996019668,571.472286289421,2.71472286289421,0.38119881565356,130.341021369742,29.3698514475381,0.0505024136341606,23.4254822056106,2873.91021894787,0.35233471937099,0.05,0.0,27.2216902722686,24.2993918850923,1.16147051970046,786.954668235754,92.2211398043865,18.5461131588325,1.1013929497979,0.410501299052613,CLIMB,UNIT-injectordegradation-0009,long_loiter-M006,SIMULATED
106,2357.70460023442,126.027193897577,31.1158934216899,0.447802031781322,18.9128710077854,22.0679719940579,22.0679719940579,22.0679719940579,240.919566982144,544.236457448042,544.236457448042,544.236457448042,1.70844868752166,23.4656266138132,7.74826823330272,613.608189001915,3.13608189001915,0.439907147919574,136.128454034526,30.7855608560258,0.054932802940745,23.4705313515787,2873.91021894787,0.35233471937099,0.05,0.0,27.2231146366312,26.2758930839917,1.21531164960537,794.449474599904,92.1377392425686,18.4973969174656,1.10058070887819,0.447802031781322,CLIMB,UNIT-injectordegradation-0009,long_loiter-M006,SIMULATED
107,2392.75611806084,126.775891615268,31.7660874357199,0.448687398857901,18.9526942899635,22.1439399370592,22.1439399370592,22.1439399370592,240.097834629106,542.018790715593,542.018790715593,542.018790715593,1.72664042527358,23.5065330434147,7.86865552493392,620.176156774987,3.20176156774987,0.449118619152873,136.966261680452,30.9692348927081,0.0560587127149798,23.5199205618265,2873.91021894787,0.35233471937099,0.05,0.0,27.2246330760648,26.9380836189918,1.2333794422994,801.944280964055,92.0543997651642,18.4486806760985,1.0997689263349,0.448687398857901,CLIMB,UNIT-injectordegradation-0009,long_loiter-M006,SIMULATED
108,2408.56017358627,128.571094394802,32.4286940572662,0.454107353942932,18.9928764076418,22.2206855761405,22.2206855761405,22.2206855761405,240.908105174734,543.692603940503,543.692603940503,543.692603940503,1.73484273009127,23.5474180710219,7.98952309829522,626.77032727164,3.2677032727164,0.45855787146627,137.826908484567,31.1575924875812,0.0567484102579079,23.5696931505386,2873.91021894787,0.35233471937099,0.05,0.0,27.2261684016628,27.2357774231664,1.24152586267334,809.439087328204,91.9711213379396,18.3999644347316,1.09895760198872,0.454107353942932,CLIMB,UNIT-injectordegradation-0009,long_loiter-M006,SIMULATED
109,2411.83681107904,128.482434309656,32.4504178784392,0.453779832255886,19.0333434725797,22.2980230668748,22.2980230668748,22.2980230668748,240.752640762389,543.35099634765,543.35099634765,543.35099634765,1.73654330495002,23.5882942619653,7.99557497264698,627.100499295368,3.27100499295368,0.459358050237473,137.823708950422,31.1361982461665,0.056828287689915,23.6196563404765,2873.91021894787,0.35233471937099,0.05,0.0,27.2277164844323,27.2962608339413,1.24321485107167,816.933893692355,91.8879039266746,18.3512481933646,1.09814673566044,0.453779832255886,CLIMB,UNIT-injectordegradation-0009,long_loiter-M006,SIMULATED
110,2401.76139690426,127.295696886793,32.01637817371,0.450420678250607,19.0736950247339,22.374952784023,22.374952784023,22.374952784023,240.283730478683,542.46712472463,542.46712472463,542.46712472463,1.73131416499331,23.6293491395737,7.91955492338643,622.953074539106,3.22953074539106,0.454033003775802,137.208047874742,30.9661411198448,0.0563695991764947,23.6687882062534,2873.91021894787,0.35233471937099,0.05,0.0,27.2292602443744,27.1039804969699,1.23802133861044,824.428700056505,91.8047474971621,18.3025319519977,1.09733632717083,0.450420678250607,CLIMB,UNIT-injectordegradation-0009,long_loiter-M006,SIMULATED
111,2366.81459759963,123.400204290418,30.5850176760036,0.439093774702107,19.1134621617749,22.4503075006311,22.4503075006311,22.4503075006311,238.684434009743,539.342522988009,539.342522988009,539.342522988009,1.71317677615421,23.6708279813678,7.66414840774256,609.018864864213,3.09018864864213,0.435206005645542,135.242252579763,30.4650779591428,0.054843892595419,23.7159027754073,2873.91021894787,0.35233471937099,0.05,0.0,27.2307811164226,26.4409427499552,1.22000752453589,831.923506420655,91.7216520152085,18.2538157106306,1.09652637634075,0.439093774702107,CLIMB,UNIT-injectordegradation-0009,long_loiter-M006,SIMULATED
112,2392.23499990884,127.528524865672,31.9477144665512,0.451993189895837,19.1531411355677,22.5253348801811,22.5253348801811,22.5253348801811,240.957772278479,544.185164919389,544.185164919389,544.185164919389,1.72636996495269,23.7122066529334,7.91025612418849,622.445760082298,3.22445760082298,0.454187563661424,137.057373812776,30.8882372112803,0.0560987277873245,23.7622970994356,2873.91021894787,0.35233471937099,0.05,0.0,27.2322885326372,26.9206469304503,1.23311082469528,839.418312784805,91.6386174466333,18.2050994692637,1.09571688299106,0.451993189895837,CLIMB,UNIT-injectordegradation-0009,long_loiter-M006,SIMULATED
113,2449.39438036974,133.332292045576,34.1997302035499,0.468754451319306,19.1940995910403,22.6034496310956,22.6034496310956,22.6034496310956,243.148245519253,548.439560387753,548.439560387753,548.439560387753,1.75603568341189,23.7529550883339,8.31668114297478,644.619084105037,3.44619084105037,0.484993507267938,140.054994484063,31.5915422833066,0.0585599407879253,23.8114660659318,2873.91021894787,0.35233471937099,0.05,0.0,27.2338454799936,28.0009822127836,1.262574422871,846.913119148955,91.5556437572693,18.1563832278967,1.09490784694269,0.468754451319306,CLIMB,UNIT-injectordegradation-0009,long_loiter-M006,SIMULATED
114,2396.03225266232,125.291918566864,31.4372346900982,0.44448380307142,19.2350422761042,22.6814070257793,22.6814070257793,22.6814070257793,239.133453579354,540.142646936053,540.142646936053,540.142646936053,1.72834073913174,23.7941639671216,7.823803264727,617.729152646919,3.17729152646919,0.448234148883459,136.296145801309,30.6613388427882,0.055917433298032,23.8600649198596,2873.91021894787,0.35233471937099,0.05,0.0,27.2354159378118,26.9894233726353,1.23506817147542,854.407925513105,91.4727309129628,18.1076669865298,1.09409926801659,0.44448380307142,CLIMB,UNIT-injectordegradation-0009,long_loiter-M006,SIMULATED
115,2409.01480854523,129.077513776746,32.5625703792773,0.45680316070963,19.2752527351389,22.7574260141208,22.7574260141208,22.7574260141208,241.618997779964,545.601689798969,545.601689798969,545.601689798969,1.73507868563497,23.8355574636553,8.02652819406526,628.789213760104,3.28789213760104,0.464040447850764,137.793923664649,31.0053234914416,0.0567739468115759,23.906289480187,2873.91021894787,0.35233471937099,0.05,0.0,27.2369450766391,27.2336052557717,1.24176021059032,861.902731877255,91.389878879573,18.0589507451627,1.09329114603375,0.45680316070963,CLIMB,UNIT-injectordegradation-0009,long_loiter-M006,SIMULATED
116,2358.01702292455,121.839233401588,30.0858795041358,0.43493045496379,19.31521954757,22.8327305049324,22.8327305049324,22.8327305049324,238.050689699523,538.259587332998,538.259587332998,538.259587332998,1.70861083489784,23.8773385415078,7.58397959848904,604.645096267477,3.04645096267477,0.430944099013057,134.401497524279,30.154670265412,0.0543559284576874,23.9514017510061,2873.91021894787,0.35233471937099,0.05,0.0,27.2384716706908,26.2669910734755,1.21547269222915,869.397538241405,91.3070876229728,18.0102345037958,1.0924834808152,0.43493045496379,CLIMB,UNIT-injectordegradation-0009,long_loiter-M006,SIMULATED
117,2361.04736490962,124.220768855506,30.713374157659,0.443057700618891,19.3544190357608,22.9060213215518,22.9060213215518,22.9060213215518,239.889172433051,542.397199246686,542.397199246686,542.397199246686,1.71018358238809,23.9193279270719,7.69760450594158,610.844128742207,3.10844128742207,0.440043601303962,135.228717239444,30.3377870798691,0.0547277232443752,23.9940917742945,2873.91021894787,0.35233471937099,0.05,0.0,27.2399562156895,26.3229029629359,1.21703472418022,876.892344605555,91.224357109048,17.9615182624288,1.09167627218203,0.443057700618891,CLIMB,UNIT-injectordegradation-0009,long_loiter-M006,SIMULATED
118,2442.89307759244,133.431726290312,34.1343927866154,0.470142760897411,19.3949976845778,22.9826634634804,22.9826634634804,22.9826634634804,243.711141018884,550.002595580623,550.002595580623,550.002595580623,1.75266150727048,23.9604784942603,8.31393154193102,644.46907415964,3.4446907415964,0.486827578542169,139.824445157915,31.4334879604527,0.058338623807272,24.0398632814947,2873.91021894787,0.35233471937099,0.05,0.0,27.2414889744204,27.8701078558994,1.25922323587239,884.387150969705,91.1416873036979,17.9128020210619,1.09086951995533,0.470142760897411,CLIMB,UNIT-injectordegradation-0009,long_loiter-M006,SIMULATED
119,2419.23499369828,128.060542304722,32.4430749931405,0.453395290161745,19.4363638724624,23.0611659664776,23.0611659664776,23.0611659664776,240.599162610941,543.379014041636,543.379014041636,543.379014041636,1.74038296172941,24.0016879273048,8.01391461506712,628.101054908448,3.28101054908448,0.46442601080436,137.501679253271,30.851997261525,0.0569225822410074,24.0871592213905,2873.91021894787,0.35233471937099,0.05,0.0,27.2430690949759,27.4208586654768,1.24702834726716,891.881957333855,91.059078172835,17.8640857796948,1.09006322395626,0.453395290161745,CLIMB,UNIT-injectordegradation-0009,long_loiter-M006,SIMULATED
120,2370.89097321922,123.716674157607,30.7162672528087,0.441267296349219,19.4764749955291,23.1364291063234,23.1364291063234,23.1364291063234,239.223117961528,540.925130337306,540.925130337306,540.925130337306,1.71529241510077,24.043623482155,7.70464101628276,611.228019537735,3.11228019537735,0.441559566426098,135.132486324995,30.2521760634068,0.0549322808201914,24.1307618235151,2873.91021894787,0.35233471937099,0.05,0.0,27.2445984484043,26.5046574442856,1.22210874908207,899.376763698005,90.9765296823851,17.8153695383279,1.089257384006,0.441267296349219,CLIMB,UNIT-injectordegradation-0009,long_loiter-M006,SIMULATED
