t,rpm_true,torque_true,cht_c1_true,cht_c2_true,cht_c3_true,cht_c4_true,egt_c1_true,egt_c2_true,egt_c3_true,egt_c4_true,oil_pressure_true,oil_temperature_true,fuel_flow_true,rail_pressure_true,injection_timing_true,boost_pressure_true,map_true,intake_temperature_true,air_mass_flow_true,coolant_temperature_true,vibration_rms_x_true,vibration_order_1x_true,vibration_rms_x_bearing_proxy_true,vibration_order_1x_bearing_proxy_true,battery_voltage_true,battery_current_true,alternator_power_true,injector_health_c1,injector_health_c2,injector_health_c3,injector_health_c4,cooling_health,oil_pump_health,bearing_health,turbo_efficiency_deg,combustion_stability,injection_timing_deg,fuel_delivery_health,alternator_health,misfire_rate_c1,misfire_rate_c2,misfire_rate_c3,misfire_rate_c4,sensor_fault_active_cht_c3,imep_cov_c1,vibration_order_2x_true,sensor_fault_active_vibration_rms_x_bearing_proxy
0,886.599953602118,22.6165324672395,17.1736391295887,17.1736391295887,17.1736391295887,17.1736391295887,571.321195638409,571.321195638409,571.321195638409,571.321195638409,0.944945375919499,18.7405461161379,2.37397817848763,320.403122213793,0.204031222137933,0.0122113485075952,102.54613485076,26.0175630730684,0.0158091117109215,18.8101553912687,3168.51904095793,1.314970192773,0.05,0.0,27.1081718216562,-10.0785234215819,0.226789655379172,1.0,1.0,1.0,1.0,0.5,1.0,1.0,0.0,0.0,0.0,1.0,1.0,0.0,0.0,0.0,0.0,NONE,0.0020243967031241,3794.55199622619,NONE
1,893.224089921864,23.1036024730333,17.1995784023206,17.1995784023206,17.1995784023206,17.1995784023206,569.971310450358,569.971310450358,569.971310450358,569.971310450358,0.948383302669447,18.7819123859644,2.38523629849389,321.01733130833,0.210173313083297,0.0129705871007983,102.513422246777,25.9817440032022,0.0159240535181331,18.847792448959,3168.51904095793,1.314970192773,0.05,0.0,27.1076039112522,-10.016565746644,0.228474903188957,1.0,1.0,1.0,1.0,0.5,1.0,1.0,0.0,0.0,0.0,1.0,1.0,0.0,0.0,0.0,0.0,NONE,0.0020243967031241,3794.55199622619,NONE
2,906.425000260514,23.7207898871804,17.2256776824265,17.2256776824265,17.2256776824265,17.2256776824265,565.812827071944,565.812827071944,565.812827071944,565.812827071944,0.955234575135207,18.8232835788437,2.40173500937015,321.917451245112,0.219174512451124,0.0141499398297201,102.522815391058,25.9584932292491,0.0161621311433213,18.8853395696118,3168.51904095793,1.314970192773,0.05,0.0,27.1070415923858,-9.89251070825729,0.231843300778148,1.0,1.0,1.0,1.0,0.5,1.0,1.0,0.0,0.0,0.0,1.0,1.0,0.0,0.0,0.0,0.0,NONE,0.0020243967031241,3794.55199622619,NONE
3,921.672758764193,24.385366524626,17.2519676083276,17.2519676083276,17.2519676083276,17.2519676083276,561.000895002214,561.000895002214,561.000895002214,561.000895002214,0.963148161798616,18.8646753254322,2.42031333429106,322.931028656024,0.22931028656024,0.0154877886501414,102.548152416499,25.9400053229961,0.0164390858499453,18.9228293493136,3168.51904095793,1.314970192773,0.05,0.0,27.1064869459928,-9.74890642239828,0.235741395323556,1.0,1.0,1.0,1.0,0.5,1.0,1.0,0.0,0.0,0.0,1.0,1.0,0.0,0.0,0.0,0.0,NONE,0.0020243967031241,3794.55199622619,NONE
4,937.550529560455,25.0710169265274,17.2784613712315,17.2784613712315,17.2784613712315,17.2784613712315,556.189477570912,556.189477570912,556.189477570912,556.189477570912,0.971388724841876,18.9060922854138,2.43996595849344,324.003216597696,0.24003216597696,0.016900855918709,102.581105496112,25.9237943273436,0.0167285643049106,18.9602763846467,3168.51904095793,1.314970192773,0.05,0.0,27.1059406250349,-9.59921129789757,0.239804348512024,1.0,1.0,1.0,1.0,0.5,1.0,1.0,0.0,0.0,0.0,1.0,1.0,0.0,0.0,0.0,0.0,NONE,0.0020243967031241,3794.55199622619,NONE
5,953.616169783387,25.7693829068178,17.3051666097927,17.3051666097927,17.3051666097927,17.3051666097927,551.566964520272,551.566964520272,551.566964520272,551.566964520272,0.979726792117578,18.9475356880697,2.46037549568901,325.116699430871,0.251166994308714,0.0183626812213131,102.619028525862,25.9090699435014,0.017022349349986,18.9976895196683,3168.51904095793,1.314970192773,0.05,0.0,27.1054028305745,-9.44767400851763,0.243916990187181,1.0,1.0,1.0,1.0,0.5,1.0,1.0,0.0,0.0,0.0,1.0,1.0,0.0,0.0,0.0,0.0,NONE,0.0020243967031241,3794.55199622619,NONE
6,969.733196304992,26.4778322481217,17.3320892389165,17.3320892389165,17.3320892389165,17.3320892389165,547.180973653872,547.180973653872,547.180973653872,547.180973653872,0.988091528882291,18.9890056897012,2.48144667733937,326.266279591243,0.262662795912427,0.0198649358837691,102.661088575735,25.8955830221614,0.0173179191548601,19.0350757881419,3168.51904095793,1.314970192773,0.05,0.0,27.1048736215811,-9.29562175077671,0.248043347211177,1.0,1.0,1.0,1.0,0.5,1.0,1.0,0.0,0.0,0.0,1.0,1.0,0.0,0.0,0.0,0.0,NONE,0.0020243967031241,3794.55199622619,NONE
7,985.86003208475,27.1955404070962,17.3592346832335,17.3592346832335,17.3592346832335,17.3592346832335,543.037625535747,543.037625535747,543.037625535747,543.037625535747,0.996461356651985,19.0305021143228,2.50315542752097,327.450643568989,0.274506435689889,0.0214050190933626,102.707025501893,25.8832553047952,0.0176145233461465,19.0724416834571,3168.51904095793,1.314970192773,0.05,0.0,27.1043530128694,-9.14346383735372,0.25217232839196,1.0,1.0,1.0,1.0,0.5,1.0,1.0,0.0,0.0,0.0,1.0,1.0,0.0,0.0,0.0,0.0,NONE,0.0020243967031241,3794.55199622619,NONE
8,1001.98418591724,27.9222462451617,17.3866082704146,17.3866082704146,17.3866082704146,17.3866082704146,539.131312968227,539.131312968227,539.131312968227,539.131312968227,1.00482979249105,19.0720246843229,2.52550019382412,328.669706669316,0.286697066693161,0.0229821155217936,102.756757708969,25.8720617398202,0.017911955446389,19.109793563466,3168.51904095793,1.314970192773,0.05,0.0,27.1038410057143,-8.99132485299472,0.256300560753703,1.0,1.0,1.0,1.0,0.5,1.0,1.0,0.0,0.0,0.0,1.0,1.0,0.0,0.0,0.0,0.0,NONE,0.0020243967031241,3794.55199622619,NONE
9,1018.10196420172,28.6578621742791,17.4142153548342,17.4142153548342,17.4142153548342,17.4142153548342,535.453464700472,535.453464700472,535.453464700472,535.453464700472,1.01319491942069,19.1135730914479,2.54848644735668,329.923767379378,0.299237673793785,0.0245959590296367,102.810258520511,25.861993580315,0.0182101737764379,19.1471377776683,3168.51904095793,1.314970192773,0.05,0.0,27.1033375972982,-8.83924218947907,0.260427034834267,1.0,1.0,1.0,1.0,0.5,1.0,1.0,0.0,0.0,0.0,1.0,1.0,0.0,0.0,0.0,0.0,NONE,0.0020243967031241,3794.55199622619,NONE
10,1034.21230682675,29.4023538044508,17.4420613558578,17.4420613558578,17.4420613558578,17.4420613558578,531.995065024665,531.995065024665,531.995065024665,531.995065024665,1.02155618724309,19.1551470184366,2.57212181936702,331.213242037086,0.312132420370863,0.0262464506899916,102.867517981349,25.8530469838583,0.0185091860476644,19.1844807064935,3168.51904095793,1.314970192773,0.05,0.0,27.1028427835903,-8.6872268078761,0.264551457600743,1.0,1.0,1.0,1.0,0.5,1.0,1.0,0.0,0.0,0.0,1.0,1.0,0.0,0.0,0.0,0.0,NONE,0.0020243967031241,3794.55199622619,NONE
11,1050.31494136919,30.1557033496808,17.4701517695129,17.4701517695129,17.4701517695129,17.4701517695129,528.747347243985,528.747347243985,528.747347243985,528.747347243985,1.02991345457061,19.1967461456158,2.59641459944053,332.538582897232,0.325385828972325,0.0279335425596088,102.928531234708,25.8452195444696,0.0188090147354441,19.2218287731776,3168.51904095793,1.314970192773,0.05,0.0,27.1023565602188,-8.53528166395082,0.268673753001707,1.0,1.0,1.0,1.0,0.5,1.0,1.0,0.0,0.0,0.0,1.0,1.0,0.0,0.0,0.0,0.0,NONE,0.0020243967031241,3794.55199622619,NONE
12,1066.40983793035,30.9178986688903,17.4984921719947,17.4984921719947,17.4984921719947,17.4984921719947,525.701962729585,525.701962729585,525.701962729585,525.701962729585,1.03826670588585,19.2383701529682,2.62137327975588,333.900253267489,0.339002532674889,0.0296572028549183,102.993295039807,25.8385092540508,0.0191096868334774,19.259188447235,3168.51904095793,1.314970192773,0.05,0.0,27.1018789227367,-8.38340722032588,0.272793912554731,1.0,1.0,1.0,1.0,0.5,1.0,1.0,0.0,0.0,0.0,1.0,1.0,0.0,0.0,0.0,0.0,NONE,0.0020243967031241,3794.55199622619,NONE
13,1082.49704985805,31.6889300318548,17.5270882207142,17.5270882207142,17.5270882207142,17.5270882207142,522.851003178022,522.851003178022,522.851003178022,522.851003178022,1.04661596887633,19.2800187208471,2.64700641977102,335.298720126082,0.352987201260821,0.0314174056804157,103.061806744704,25.832914196477,0.0194112308570334,19.2965662454016,3168.51904095793,1.314970192773,0.05,0.0,27.1014098667073,-8.23160307788432,0.276911951126207,1.0,1.0,1.0,1.0,0.5,1.0,1.0,0.0,0.0,0.0,1.0,1.0,0.0,0.0,0.0,0.0,NONE,0.0020243967031241,3794.55199622619,NONE
14,1098.57666727108,32.4687891769302,17.5559456546259,17.5559456546259,17.5559456546259,17.5559456546259,520.186983825421,520.186983825421,520.186983825421,520.186983825421,1.05496129031369,19.3216915302796,2.67332260751803,336.734452010158,0.367344520101584,0.0332141280474342,103.134063988165,25.828432459197,0.0197136759698195,19.3339687318373,3168.51904095793,1.314970192773,0.05,0.0,27.1009493877369,-8.07986845781884,0.28102789386508,1.0,1.0,1.0,1.0,0.5,1.0,1.0,0.0,0.0,0.0,1.0,1.0,0.0,0.0,0.0,0.0,NONE,0.0020243967031241,3794.55199622619,NONE
15,1114.64880309945,33.2574690379069,17.585070294355,17.585070294355,17.585070294355,17.585070294355,517.702817774645,517.702817774645,517.702817774645,517.702817774645,1.06330272880862,19.3633882631336,2.70033044955866,338.207918467785,0.382079184677851,0.0350473490235109,103.21006461461,25.825062108389,0.0200170517243474,19.3714025181235,3168.51904095793,1.314970192773,0.05,0.0,27.1004974814909,-7.92820234795373,0.28514177223653,1.0,1.0,1.0,1.0,0.5,1.0,1.0,0.0,0.0,0.0,1.0,1.0,0.0,0.0,0.0,0.0,NONE,0.0020243967031241,3794.55199622619,NONE
16,1130.71358839229,34.0549636629054,17.6144680422774,17.6144680422774,17.6144680422774,17.6144680422774,515.391789626459,515.391789626459,515.391789626459,515.391789626459,1.0716403523756,19.4051086022313,2.72803856929735,339.719589965916,0.397195899659164,0.0369170494940001,103.289806650267,25.8228011823796,0.0203213879775339,19.4088742632129,3168.51904095793,1.314970192773,0.05,0.0,27.1000541437058,-7.77660355209823,0.289253622684003,1.0,1.0,1.0,1.0,0.5,1.0,1.0,0.0,0.0,0.0,1.0,1.0,0.0,0.0,0.0,0.0,NONE,0.0020243967031241,3794.55199622619,NONE
17,1146.77117026128,34.8612681872301,17.6441448825974,17.6441448825974,17.6441448825974,17.6441448825974,513.247530494307,513.247530494307,513.247530494307,513.247530494307,1.0799742373656,19.4468522314275,2.75645560768041,341.269937928539,0.412699379285393,0.0388232120961056,103.373288296576,25.8216476902045,0.0206267148562243,19.4463906733778,3168.51904095793,1.314970192773,0.05,0.0,27.0996193701985,-7.62507071147247,0.293363486048247,1.0,1.0,1.0,1.0,0.5,1.0,1.0,0.0,0.0,0.0,1.0,1.0,0.0,0.0,0.0,0.0,NONE,0.0020243967031241,3794.55199622619,NONE
18,1162.82171059399,35.6763788208535,17.6741068814348,17.6741068814348,17.6741068814348,17.6741068814348,511.263994818991,511.263994818991,511.263994818991,511.263994818991,1.08830446779828,19.4886188356643,2.78559022455241,342.859434810671,0.428594348106708,0.0407658211999311,103.4605079283,25.821599611575,0.0209330627372993,19.4839585021696,3168.51904095793,1.314970192773,0.05,0.0,27.0991931568754,-7.47360231789577,0.297471407209671,1.0,1.0,1.0,1.0,0.5,1.0,1.0,0.0,0.0,0.0,1.0,1.0,0.0,0.0,0.0,0.0,NONE,0.0020243967031241,3794.55199622619,NONE
19,1178.86538501802,36.50029283952,17.7043601869258,17.7043601869258,17.7043601869258,17.7043601869258,509.435438963901,509.435438963901,509.435438963901,509.435438963901,1.09663113482435,19.5304081010002,2.81545110017648,344.488554181305,0.444885541813052,0.0427448629014037,103.55146409281,25.8226548972024,0.0212404622325085,19.5215845503916,3168.51904095793,1.314970192773,0.05,0.0,27.0987754997402,-7.32219672429081,0.30157743480351,1.0,1.0,1.0,1.0,0.5,1.0,1.0,0.0,0.0,0.0,1.0,1.0,0.0,0.0,0.0,0.0,NONE,0.0020243967031241,3794.55199622619,NONE
20,1194.90238197149,37.3330085764475,17.7349110293376,17.7349110293376,17.7349110293376,17.7349110293376,507.756401468424,507.756401468424,507.756401468424,507.756401468424,1.1049543362432,19.5722197146169,2.84604693678015,346.157770807747,0.46157770807747,0.0447603250174019,103.646155509601,25.8248114691889,0.0215489441752807,19.5592756660879,3168.51904095793,1.314970192773,0.05,0.0,27.0983663949018,-7.17085215406723,0.305681620965415,1.0,1.0,1.0,1.0,0.5,1.0,1.0,0.0,0.0,0.0,1.0,1.0,0.0,0.0,0.0,0.0,NONE,0.0020243967031241,3794.55199622619,NONE
21,1210.9329018386,38.1745254138325,17.7657657211968,17.7657657211968,17.7657657211968,17.7657657211968,506.221684821826,506.221684821826,506.221684821826,506.221684821826,1.11327417605423,19.6140533648042,2.87738646008786,347.867560739221,0.478675607392214,0.0468121970805181,103.74458106977,25.8280672214128,0.0218585396087174,19.5970387445462,3168.51904095793,1.314970192773,0.05,0.0,27.097965838581,-7.01956670983721,0.309784021095191,1.0,1.0,1.0,1.0,0.5,1.0,1.0,0.0,0.0,0.0,1.0,1.0,0.0,0.0,0.0,0.0,NONE,0.0020243967031241,3794.55199622619,NONE
22,1226.95715613667,39.0248437739615,17.7969306574318,17.7969306574318,17.7969306574318,17.7969306574318,504.826338626483,504.826338626483,504.826338626483,504.826338626483,1.12159076403493,19.6559087409216,2.90947842082945,349.618401389173,0.496184013891726,0.0489004703328163,103.846739835388,25.8324200198853,0.0221692797745101,19.6348807283151,3168.51904095793,1.314970192773,0.05,0.0,27.0975738271173,-6.86833838160947,0.313884693634714,1.0,1.0,1.0,1.0,0.5,1.0,1.0,0.0,0.0,0.0,1.0,1.0,0.0,0.0,0.0,0.0,NONE,0.0020243967031241,3794.55199622619,NONE
23,1242.97536674888,39.8839651099001,17.8284123155291,17.8284123155291,17.8284123155291,17.8284123155291,503.565644030383,503.565644030383,503.565644030383,503.565644030383,1.12990421534267,19.6977855333395,2.94233159622136,351.410771616075,0.514107716160748,0.0510251377184632,103.952631038766,25.8378677030782,0.0224811961026677,19.6728086072362,3168.51904095793,1.314970192773,0.05,0.0,27.0971903569748,-6.71716505452369,0.317983699858352,1.0,1.0,1.0,1.0,0.5,1.0,1.0,0.0,0.0,0.0,1.0,1.0,0.0,0.0,0.0,0.0,NONE,0.0020243967031241,3794.55199622619,NONE
24,1258.98776519893,40.7518918957702,17.860217255702,17.860217255702,17.860217255702,17.860217255702,502.435099320068,502.435099320068,502.435099320068,502.435099320068,1.13821465013825,19.739683433359,2.97595479141953,353.245151802696,0.532451518026961,0.0531861938752505,104.062254081606,25.8444080822198,0.0227943202019817,19.7108294184885,3168.51904095793,1.314970192773,0.05,0.0,27.0968154247483,-6.56604451616288,0.322081103674854,1.0,1.0,1.0,1.0,0.5,1.0,1.0,0.0,0.0,0.0,1.0,1.0,0.0,0.0,0.0,0.0,NONE,0.0020243967031241,3794.55199622619,NONE
25,1274.99459196486,41.6286276166345,17.8923521210737,17.8923521210737,17.8923521210737,17.8923521210737,501.430406575548,501.430406575548,501.430406575548,501.430406575548,1.14652219322976,19.781602133111,3.01035684094329,355.122023933783,0.551220239337834,0.0553836351250518,104.175608534046,25.852038941564,0.0231086838511705,19.7489502466477,3168.51904095793,1.314970192773,0.05,0.0,27.0964490271681,-6.41497446347352,0.326176971439905,1.0,1.0,1.0,1.0,0.5,1.0,1.0,0.0,0.0,0.0,1.0,1.0,0.0,0.0,0.0,0.0,NONE,0.0020243967031241,3794.55199622619,NONE
26,1290.99609582927,42.5141767580127,17.924823637872,17.924823637872,17.924823637872,17.924823637872,500.547459298053,500.547459298053,500.547459298053,500.547459298053,1.15482697373539,19.8235413254351,3.04554661007004,357.041871672151,0.570418716721511,0.0576174594632709,104.292694133607,25.8607580386308,0.023424318990653,19.7871782237571,3168.51904095793,1.314970192773,0.05,0.0,27.0960911611051,-6.26395250931938,0.330271371778649,1.0,1.0,1.0,1.0,0.5,1.0,1.0,0.0,0.0,0.0,1.0,1.0,0.0,0.0,0.0,0.0,NONE,0.0020243967031241,3794.55199622619,NONE
27,1306.99253326365,43.4085447950475,17.9576386156369,17.9576386156369,17.9576386156369,17.9576386156369,499.782330929875,499.782330929875,499.782330929875,499.782330929875,1.16312912476384,19.8655007037387,3.08153299620026,359.005180433151,0.590051804331514,0.0598876665473271,104.41351078404,25.8705631044223,0.0237412577149037,19.8255205294115,3168.51904095793,1.314970192773,0.05,0.0,27.0957418235756,-6.11297618869286,0.334364375417513,1.0,1.0,1.0,1.0,0.5,1.0,1.0,0.0,0.0,0.0,1.0,1.0,0.0,0.0,0.0,0.0,NONE,0.0020243967031241,3794.55199622619,NONE
28,1322.98416784467,44.3117381813437,17.9908039474406,17.9908039474406,17.9908039474406,17.9908039474406,499.131264193069,499.131264193069,499.131264193069,499.131264193069,1.17142878311138,19.9074799618374,3.11832493019263,361.012437457515,0.610124374575151,0.0621942576842294,104.538058554084,25.8814518436143,0.0240595322653458,19.8639843908533,3168.51904095793,1.314970192773,0.05,0.0,27.0954010117452,-5.9620429646057,0.338456055024754,1.0,1.0,1.0,1.0,0.5,1.0,1.0,0.0,0.0,0.0,1.0,1.0,0.0,0.0,0.0,0.0,NONE,0.0020243967031241,3794.55199622619,NONE
29,1338.97126970028,45.223764337498,18.0243266101195,18.0243266101195,18.0243266101195,18.0243266101195,498.590661180506,498.590661180506,498.590661180506,498.590661180506,1.17972608897444,19.9494787937758,3.15593137766899,363.064131882548,0.630641318825475,0.0645372358172879,104.666337676135,25.8934219347253,0.0243791750237434,19.9025770830798,3168.51904095793,1.314970192773,0.05,0.0,27.0950687229328,-5.81115023367913,0.342546485059177,1.0,1.0,1.0,1.0,0.5,1.0,1.0,0.0,0.0,0.0,1.0,1.0,0.0,0.0,0.0,0.0,NONE,0.0020243967031241,3794.55199622619,NONE
30,1354.95411498394,46.1446316393379,18.0582136645174,18.0582136645174,18.0582136645174,18.0582136645174,498.157074138865,498.157074138865,498.157074138865,498.157074138865,1.18802118567667,19.9914968936309,3.19436134028898,365.160754811666,0.651607548116657,0.0669166055119982,104.798348544838,25.9064710302648,0.0247002185060554,19.9413059289626,3168.51904095793,1.314970192773,0.05,0.0,27.094744954614,-5.66029533145228,0.346635741626508,1.0,1.0,1.0,1.0,0.5,1.0,1.0,0.0,0.0,0.0,1.0,1.0,0.0,0.0,0.0,0.0,NONE,0.0020243967031241,3794.55199622619,NONE
31,1370.93298537515,47.0743494058874,18.0924722557408,18.0924722557408,18.0924722557408,18.0924722557408,497.827196888539,497.827196888539,497.827196888539,497.827196888539,1.1963142194097,20.0335339552967,3.23362385699397,367.302799382268,0.673027993822676,0.0693323729411482,104.934091715595,25.9205967568605,0.0250226953567168,19.9801782993767,3168.51904095793,1.314970192773,0.05,0.0,27.0944297044247,-5.50947553742604,0.350723902342963,1.0,1.0,1.0,1.0,0.5,1.0,1.0,0.0,0.0,0.0,1.0,1.0,0.0,0.0,0.0,0.0,NONE,0.0020243967031241,3794.55199622619,NONE
32,1386.90816760462,48.0129278870758,18.1271096134243,18.1271096134243,18.1271096134243,18.1271096134243,497.597856830385,497.597856830385,497.597856830385,497.597856830385,1.2046053389868,20.0755896722525,3.27372800522032,369.490760831921,0.694907608319207,0.0717845458691799,105.073567903003,25.9357967153685,0.0253466383433157,20.0192016133415,3168.51904095793,1.314970192773,0.05,0.0,27.094122970164,-5.35868807985838,0.354811046205565,1.0,1.0,1.0,1.0,0.5,1.0,1.0,0.0,0.0,0.0,1.0,1.0,0.0,0.0,0.0,0.0,NONE,0.0020243967031241,3794.55199622619,NONE
33,1402.75040134919,48.927648742502,18.1621322271496,18.1621322271496,18.1621322271496,18.1621322271496,497.319890724063,497.319890724063,497.319890724063,497.319890724063,1.21282745830023,20.1176640396067,3.31367824918378,371.670325728872,0.716703257288718,0.0744131573151929,105.230780347153,25.9561847752019,0.0256727724547845,20.0583824918846,3168.51904095793,1.314970192773,0.05,0.0,27.0938247497969,-5.20793014032603,0.358897253468822,1.0,1.0,1.0,1.0,0.5,1.0,1.0,0.0,0.0,0.0,1.0,1.0,0.0,0.0,0.0,0.0,NONE,0.0020243967031241,3794.55199622619,NONE
34,1415.77763931447,49.6601826669395,18.1975012758139,18.1975012758139,18.1975012758139,18.1975012758139,496.856199041745,496.856199041745,496.856199041745,496.856199041745,1.21958859480421,20.1597622577345,3.34658554748561,373.465648738608,0.734656487386078,0.077393437209479,105.423251979283,25.9868912214946,0.025955921607608,20.0976811090776,3168.51904095793,1.314970192773,0.05,0.0,27.0935349506826,-5.06539815327256,0.362760458095187,1.0,1.0,1.0,1.0,0.5,1.0,1.0,0.0,0.0,0.0,1.0,1.0,0.0,0.0,0.0,0.0,NONE,0.0020243967031241,3794.55199622619,NONE
35,1427.79089014519,50.3787092806923,18.2331779827764,18.2331779827764,18.2331779827764,18.2331779827764,496.619462592743,496.619462592743,496.619462592743,496.619462592743,1.22582347198535,20.201878225684,3.37853008798996,375.208446584753,0.75208446584753,0.080267531345796,105.605197317008,26.0144533870226,0.0262189250266784,20.1370579471564,3168.51904095793,1.314970192773,0.05,0.0,27.0932523924422,-4.9481843123677,0.365937593540699,1.0,1.0,1.0,1.0,0.5,1.0,1.0,0.0,0.0,0.0,1.0,1.0,0.0,0.0,0.0,0.0,NONE,0.0020243967031241,3794.55199622619,NONE
36,1439.67166057539,51.0989312059493,18.2691605457622,18.2691605457622,18.2691605457622,18.2691605457622,496.445646617901,496.445646617901,496.445646617901,496.445646617901,1.23198959183863,20.2440093403247,3.41075057055776,376.966298998166,0.769662989981659,0.0831646672744912,105.789539053628,26.0426676408607,0.0264807454642737,20.1765115066094,3168.51904095793,1.314970192773,0.05,0.0,27.0929762809274,-4.83559431294581,0.368989357975171,1.0,1.0,1.0,1.0,0.5,1.0,1.0,0.0,0.0,0.0,1.0,1.0,0.0,0.0,0.0,0.0,NONE,0.0020243967031241,3794.55199622619,NONE
37,1451.51877782183,51.8226276793885,18.3054518632063,18.3054518632063,18.3054518632063,18.3054518632063,496.315617933326,496.315617933326,496.315617933326,496.315617933326,1.23813824568953,20.2861551400405,3.44338964900019,378.746988740812,0.787469887408123,0.0860993950523528,105.977732133118,26.071957504139,0.026743533779995,20.216045100091,3168.51904095793,1.314970192773,0.05,0.0,27.0927065028,-4.72370023014234,0.372022176057545,1.0,1.0,1.0,1.0,0.5,1.0,1.0,0.0,0.0,0.0,1.0,1.0,0.0,0.0,0.0,0.0,NONE,0.0020243967031241,3794.55199622619,NONE
38,1463.34367432828,52.5500071016661,18.3420553892048,18.3420553892048,18.3420553892048,18.3420553892048,496.226108440391,496.226108440391,496.226108440391,496.226108440391,1.24427536697638,20.32831540222,3.47646551402533,380.551508242897,0.805515082428968,0.0890733225624102,106.169937282105,26.1023662283361,0.027007555327859,20.2556625900557,3168.51904095793,1.314970192773,0.05,0.0,27.0924430353451,-4.61205614768817,0.375048131542945,1.0,1.0,1.0,1.0,0.5,1.0,1.0,0.0,0.0,0.0,1.0,1.0,0.0,0.0,0.0,0.0,NONE,0.0020243967031241,3794.55199622619,NONE
39,1475.1481487482,53.2811033987619,18.378974661472,18.378974661472,18.378974661472,18.378974661472,496.175603135923,496.175603135923,496.175603135923,496.175603135923,1.25040188920032,20.3704899315165,3.50998244198514,382.380090809292,0.823800908092923,0.0920866190795306,106.366171366428,26.1338947805518,0.0272728667728401,20.2953679034056,3168.51904095793,1.314970192773,0.05,0.0,27.0921858662773,-4.50060733358506,0.378068709607383,1.0,1.0,1.0,1.0,0.5,1.0,1.0,0.0,0.0,0.0,1.0,1.0,0.0,0.0,0.0,0.0,NONE,0.0020243967031241,3794.55199622619,NONE
40,1486.93294144477,54.0159316351561,18.4162132488596,18.4162132488596,18.4162132488596,18.4162132488596,496.162814171476,496.162814171476,496.162814171476,496.162814171476,1.25651819660983,20.4126785363051,3.54394319022616,384.232886872516,0.842328868725157,0.095139297628901,106.566435626987,26.1665394792653,0.0275395018088923,20.3351649775718,3168.51904095793,1.314970192773,0.05,0.0,27.0919349847647,-4.38934254550587,0.381084217131293,1.0,1.0,1.0,1.0,0.5,1.0,1.0,0.0,0.0,0.0,1.0,1.0,0.0,0.0,0.0,0.0,NONE,0.0020243967031241,3794.55199622619,NONE
41,1498.69866879818,54.7545051314979,18.4537747456982,18.4537747456982,18.4537747456982,18.4537747456982,496.186516204957,496.186516204957,496.186516204957,496.186516204957,1.26262460910625,20.4548810258559,3.57835036958917,386.110038872171,0.861100388721709,0.0982313561242392,106.770729793563,26.2002961327219,0.0278074914818992,20.3750577547395,3168.51904095793,1.314970192773,0.05,0.0,27.0916903804323,-4.27825540363275,0.38409482923637,1.0,1.0,1.0,1.0,0.5,1.0,1.0,0.0,0.0,0.0,1.0,1.0,0.0,0.0,0.0,0.0,NONE,0.0020243967031241,3794.55199622619,NONE
42,1510.44592380277,55.496837312034,18.4916627713233,18.4916627713233,18.4916627713233,18.4916627713233,496.245527336728,496.245527336728,496.245527336728,496.245527336728,1.26872143445364,20.4970972097534,3.61320659425243,388.011689429944,0.880116894299438,0.101362792644776,106.979053612519,26.2351604871815,0.0280768663885594,20.4150501814047,3168.51904095793,1.314970192773,0.05,0.0,27.0914520432471,-4.16734015215023,0.387100704120124,1.0,1.0,1.0,1.0,0.5,1.0,1.0,0.0,0.0,0.0,1.0,1.0,0.0,0.0,0.0,0.0,NONE,0.0020243967031241,3794.55199622619,NONE
43,1522.17528702381,56.2429418934359,18.5298809701587,18.5298809701587,18.5298809701587,18.5298809701587,496.338705479145,496.338705479145,496.338705479145,496.338705479145,1.27480897396535,20.5393268975612,3.64851449797093,389.937982235569,0.899379822355687,0.104533607037706,107.191407007041,26.2711282747038,0.0283476569180603,20.4551462084993,3168.51904095793,1.314970192773,0.05,0.0,27.0912199635007,-4.05659119690563,0.390101995582629,1.0,1.0,1.0,1.0,0.5,1.0,1.0,0.0,0.0,0.0,1.0,1.0,0.0,0.0,0.0,0.0,NONE,0.0020243967031241,3794.55199622619,NONE
44,1533.88732796742,56.9928328947334,18.5684330118597,18.5684330118597,18.5684330118597,18.5684330118597,496.464946434397,496.464946434397,496.464946434397,496.464946434397,1.28088752321509,20.5815698985113,3.68427673580054,391.889062140891,0.91889062140891,0.107743801044756,107.407790089796,26.3081952177627,0.0286198932834546,20.4953497915779,3168.51904095793,1.314970192773,0.05,0.0,27.0909941318018,-3.94600305392776,0.393098854421971,1.0,1.0,1.0,1.0,0.5,1.0,1.0,0.0,0.0,0.0,1.0,1.0,0.0,0.0,0.0,0.0,NONE,0.0020243967031241,3794.55199622619,NONE
45,1545.58260543532,57.7465246284276,18.6073225914634,18.6073225914634,18.6073225914634,18.6073225914634,496.62318223494,496.62318223494,496.62318223494,496.62318223494,1.28695737222093,20.6238260211994,3.72049598426642,393.865075169056,0.938650751690564,0.110993378272843,107.628203160001,26.3463570293073,0.0288936055306137,20.5356648910096,3168.51904095793,1.314970192773,0.05,0.0,27.0907745390705,-3.83557034203096,0.396091428635294,1.0,1.0,1.0,1.0,0.5,1.0,1.0,0.0,0.0,0.0,1.0,1.0,0.0,0.0,0.0,0.0,NONE,0.0020243967031241,3794.55199622619,NONE
46,1557.26166776515,58.5040316897732,18.6465534295398,18.6465534295398,18.6465534295398,18.6465534295398,496.812379591982,496.812379591982,496.812379591982,496.812379591982,1.29301880557011,20.6660950732801,3.75717494135939,395.866168514312,0.958661685143118,0.114282344148913,107.852646698902,26.3856094123619,0.0291688235445905,20.5760954721674,3168.51904095793,1.314970192773,0.05,0.0,27.0905611765323,-3.72528778016692,0.3990798634912,1.0,1.0,1.0,1.0,0.5,1.0,1.0,0.0,0.0,0.0,1.0,1.0,0.0,0.0,0.0,0.0,NONE,0.0020243967031241,3794.55199622619,NONE
47,1568.92505305057,59.2653689460056,18.6861292723421,18.6861292723421,18.6861292723421,18.6861292723421,497.031538431008,497.031538431008,497.031538431008,497.031538431008,1.29907210253324,20.708376861165,3.79431632650607,397.892490540377,0.978924905403771,0.11761070587364,108.081121365149,26.4259480595942,0.0294455770554722,20.6166455056171,3168.51904095793,1.314970192773,0.05,0.0,27.0903540357124,-3.61515018535227,0.402064301586536,1.0,1.0,1.0,1.0,0.5,1.0,1.0,0.0,0.0,0.0,1.0,1.0,0.0,0.0,0.0,0.0,NONE,0.0020243967031241,3794.55199622619,NONE
48,1580.57328935116,60.0305515256988,18.7260538919574,18.7260538919574,18.7260538919574,18.7260538919574,497.279690507288,497.279690507288,497.279690507288,497.279690507288,1.30511753717325,20.7506711897219,3.83192288052827,399.944190778229,0.999441907782291,0.120978472375505,108.313627990199,26.4673686528978,0.0297238956439474,20.6573189673026,3168.51904095793,1.314970192773,0.05,0.0,27.0901531084306,-3.50515247073058,0.405044882899515,1.0,1.0,1.0,1.0,0.5,1.0,1.0,0.0,0.0,0.0,1.0,1.0,0.0,0.0,0.0,0.0,NONE,0.0020243967031241,3794.55199622619,NONE
49,1592.2068948937,60.7995948082679,18.7663310864571,18.7663310864571,18.7663310864571,18.7663310864571,497.555898096091,497.555898096091,497.555898096091,497.555898096091,1.31115537844983,20.7929778619762,3.86999736559324,402.021419923388,1.02021419923388,0.124385654265377,108.550167573778,26.5098668629881,0.0300038087466196,20.6981198387304,3168.51904095793,1.314970192773,0.05,0.0,27.0899583867954,-3.39528964371886,0.408021744840539,1.0,1.0,1.0,1.0,0.5,1.0,1.0,0.0,0.0,0.0,1.0,1.0,0.0,0.0,0.0,0.0,NONE,0.0020243967031241,3794.55199622619,NONE
50,1603.82637826529,61.5725144136204,18.806964680046,18.806964680046,18.806964680046,18.806964680046,497.859252752849,497.859252752849,497.859252752849,497.859252752849,1.31718589031968,20.8352966788137,3.90854256515521,404.124329832726,1.04124329832726,0.127832263791619,108.790741279387,26.5534383490194,0.0302853456610815,20.7390521071511,3168.51904095793,1.314970192773,0.05,0.0,27.0897698631991,-3.28555680422925,0.410995022300962,1.0,1.0,1.0,1.0,0.5,1.0,1.0,0.0,0.0,0.0,1.0,1.0,0.0,0.0,0.0,0.0,NONE,0.0020243967031241,3794.55199622619,NONE
51,1615.4322385989,62.3493261919526,18.847958523212,18.847958523212,18.847958523212,18.847958523212,498.188874138831,498.188874138831,498.188874138831,498.188874138831,1.32320933183283,20.8776274386865,3.9475612838883,406.25307352081,1.0625307352081,0.131318314795711,109.035350429872,26.5980787582156,0.0305685355507599,20.7801197657384,3168.51904095793,1.314970192773,0.05,0.0,27.0895875303124,-3.17594914296117,0.413964847699933,1.0,1.0,1.0,1.0,0.5,1.0,1.0,0.0,0.0,0.0,1.0,1.0,0.0,0.0,0.0,0.0,NONE,0.0020243967031241,3794.55199622619,NONE
52,1627.0249657518,63.130046213691,18.8893164928748,18.8893164928748,18.8893164928748,18.8893164928748,498.543908908259,498.543908908259,498.543908908259,498.543908908259,1.32922595722518,20.9199699373198,3.98705634761105,408.407805155783,1.08407805155783,0.134843822668373,109.283996503027,26.6437837255201,0.0308534074495407,20.8213268137664,3168.51904095793,1.314970192773,0.05,0.0,27.0894113810794,-3.06646193975979,0.416931351029424,1.0,1.0,1.0,1.0,0.5,1.0,1.0,0.0,0.0,0.0,1.0,1.0,0.0,0.0,0.0,0.0,NONE,0.0020243967031241,3794.55199622619,NONE
53,1638.60504047715,63.9146907595779,18.9310424925332,18.9310424925332,18.9310424925332,18.9310424925332,498.923529653033,498.923529653033,498.923529653033,498.923529653033,1.33523601600764,20.9623239674225,4.02703060320272,410.588680054796,1.10588680054796,0.138408804306185,109.536681127263,26.6905488732623,0.0311399902661845,20.862677256784,3168.51904095793,1.314970192773,0.05,0.0,27.0892414087123,-2.95709056203696,0.419894659897556,1.0,1.0,1.0,1.0,0.5,1.0,1.0,0.0,0.0,0.0,1.0,1.0,0.0,0.0,0.0,0.0,NONE,0.0020243967031241,3794.55199622619,NONE
54,1650.17293458923,64.7032763108991,18.973140452413,18.973140452413,18.973140452413,18.973140452413,499.326933901531,499.326933901531,499.326933901531,499.326933901531,1.34123975305181,21.0046893183989,4.06748691851151,412.795854679003,1.12795854679003,0.14201327806871,109.793406077317,26.7383698108401,0.0314283127885394,20.9041751067869,3168.51904095793,1.314970192773,0.05,0.0,27.089077606687,-2.84783046325105,0.422854899570305,1.0,1.0,1.0,1.0,0.5,1.0,1.0,0.0,0.0,0.0,1.0,1.0,0.0,0.0,0.0,0.0,NONE,0.0020243967031241,3794.55199622619,NONE
55,1661.72911112272,65.4958195398546,19.0156143296131,19.0156143296131,19.0156143296131,19.0156143296131,499.753343168194,499.753343168194,499.753343168194,499.753343168194,1.34723740867269,21.0470657760636,4.10842818225492,415.029486628124,1.15029486628124,0.145657263736095,110.054173270013,26.7872421344207,0.0317184036875621,20.9458243823873,3168.51904095793,1.314970192773,0.05,0.0,27.0889199687377,-2.73867718144229,0.425812193011702,1.0,1.0,1.0,1.0,0.5,1.0,1.0,0.0,0.0,0.0,1.0,1.0,0.0,0.0,0.0,0.0,NONE,0.0020243967031241,3794.55199622619,NONE
56,1673.27402448619,66.2923373000697,19.0584681082507,19.0584681082507,19.0584681082507,19.0584681082507,500.202002050815,500.202002050815,500.202002050815,500.202002050815,1.35322921870833,21.0894531223591,4.14985730391236,417.289734634586,1.17289734634586,0.149340782467155,110.31898476007,26.8371614266566,0.032010291521152,20.9876291089805,3168.51904095793,1.314970192773,0.05,0.0,27.0887684888526,-2.62962633782041,0.428766660922594,1.0,1.0,1.0,1.0,0.5,1.0,1.0,0.0,0.0,0.0,1.0,1.0,0.0,0.0,0.0,0.0,NONE,0.0020243967031241,3794.55199622619,NONE
57,1684.80812061034,67.0928466172462,19.1017057996061,19.1017057996061,19.1017057996061,19.1017057996061,500.672177372678,500.672177372678,500.672177372678,500.672177372678,1.35921541459677,21.1318511350758,4.19177721361028,419.576758557256,1.19576758557256,0.153063856757938,110.587842735959,26.8881232564198,0.0323040047378089,21.0295933189092,3168.51904095793,1.314970192773,0.05,0.0,27.0886231612689,-2.52067363540157,0.431718421778061,1.0,1.0,1.0,1.0,0.5,1.0,1.0,0.0,0.0,0.0,1.0,1.0,0.0,0.0,0.0,0.0,NONE,0.0020243967031241,3794.55199622619,NONE
58,1696.33183709114,67.897364679954,19.1453314422661,19.1453314422661,19.1453314422661,19.1453314422661,501.163157366884,501.163157366884,501.163157366884,501.163157366884,1.3651962234503,21.1742595875752,4.23419086199989,421.890719374771,1.21890719374771,0.156826510400766,110.860749515807,26.9401231785518,0.0325995716801192,21.0717210516254,3168.51904095793,1.314970192773,0.05,0.0,27.0884839804686,-2.4118148576919,0.434667591863557,1.0,1.0,1.0,1.0,0.5,1.0,1.0,0.0,0.0,0.0,1.0,1.0,0.0,0.0,0.0,0.0,NONE,0.0020243967031241,3794.55199622619,NONE
59,1707.8456033282,68.7059088305611,19.189349102266,19.189349102266,19.189349102266,19.189349102266,501.674250900363,501.674250900363,501.674250900363,501.674250900363,1.37117186812733,21.2166782485152,4.27710122012777,424.231779178477,1.24231779178477,0.160628768443747,111.137707543349,26.993156733631,0.0328970205880786,21.1140163538489,3168.51904095793,1.314970192773,0.05,0.0,27.0883509411733,-2.30304586741473,0.437614285309851,1.0,1.0,1.0,1.0,0.5,1.0,1.0,0.0,0.0,0.0,1.0,1.0,0.0,0.0,0.0,0.0,NONE,0.0020243967031241,3794.55199622619,NONE
60,1719.34984065863,69.5184965563019,19.233762873231,19.233762873231,19.233762873231,19.233762873231,502.20478673527,502.20478673527,502.20478673527,502.20478673527,1.37714256730183,21.2591068815795,4.32051127929945,426.600101164989,1.26600101164989,0.164470657150755,111.418719383922,27.0472194477558,0.0331963796022568,21.1564832797231,3168.51904095793,1.314970192773,0.05,0.0,27.0882240383404,-2.19436260527925,0.440558614126839,1.0,1.0,1.0,1.0,0.5,1.0,1.0,0.0,0.0,0.0,1.0,1.0,0.0,0.0,0.0,0.0,NONE,0.0020243967031241,3794.55199622619,NONE
61,1730.8449624867,70.3351454804829,19.2785768765157,19.2785768765157,19.2785768765157,19.2785768765157,502.754112825577,502.754112825577,502.754112825577,502.754112825577,1.3831085355306,21.301545245209,4.36442405093618,428.995849628372,1.28995849628372,0.168352203961882,111.703787720517,27.1023068323449,0.0334976767668118,21.1991258909687,3168.51904095793,1.314970192773,0.05,0.0,27.0881032671586,-2.08576108878811,0.443500688236287,1.0,1.0,1.0,1.0,0.5,1.0,1.0,0.0,0.0,0.0,1.0,1.0,0.0,0.0,0.0,0.0,NONE,0.0020243967031241,3794.55199622619,NONE
62,1742.33137440941,71.1558733538261,19.3237952613431,19.3237952613431,19.3237952613431,19.3237952613431,503.321595646845,503.321595646845,503.321595646845,503.321595646845,1.38906998331848,21.343993092337,4.40884256642507,431.419189951971,1.31419189951971,0.172273437454347,111.992915349864,27.1584143839549,0.033800940032358,21.2419482570339,3168.51904095793,1.314970192773,0.05,0.0,27.0879886230431,-1.97723741108177,0.446440615503562,1.0,1.0,1.0,1.0,0.5,1.0,1.0,0.0,0.0,0.0,1.0,1.0,0.0,0.0,0.0,0.0,NONE,0.0020243967031241,3794.55199622619,NONE
63,1753.80947433834,71.9806980459488,19.3694222049411,19.3694222049411,19.3694222049411,19.3694222049411,503.906619557279,503.906619557279,503.906619557279,503.906619557279,1.3950271171816,21.3864501701275,4.45376987696282,433.870288599881,1.33870288599881,0.176234387303884,112.286105178573,27.2155375841126,0.0341061972586955,21.2849544552412,3168.51904095793,1.314970192773,0.05,0.0,27.0878801016321,-1.86878773981752,0.449378501768423,1.0,1.0,1.0,1.0,0.5,1.0,1.0,0.0,0.0,0.0,1.0,1.0,0.0,0.0,0.0,0.0,NONE,0.0020243967031241,3794.55199622619,NONE
64,1765.27965262279,72.8096375370956,19.4154619126785,19.4154619126785,19.4154619126785,19.4154619126785,504.508586187798,504.508586187798,504.508586187798,504.508586187798,1.40098013971123,21.4289162197163,4.49920905340403,436.349313108673,1.36349313108672,0.180235084247548,112.583360219415,27.2736718991925,0.0344134762175262,21.3281485709327,3168.51904095793,1.314970192773,0.05,0.0,27.0877776987819,-1.76040831603482,0.452314450876162,1.0,1.0,1.0,1.0,0.5,1.0,1.0,0.0,0.0,0.0,1.0,1.0,0.0,0.0,0.0,0.0,NONE,0.0020243967031241,3794.55199622619,NONE
65,1776.74229214661,73.6427099094623,19.4619186181992,19.4619186181992,19.4619186181992,19.4619186181992,505.126913862277,505.126913862277,505.126913862277,505.126913862277,1.40692924962409,21.4713909759559,4.54516318605281,438.856432076024,1.38856432076024,0.184275560042483,112.884683587198,27.3328127801836,0.0347228045944719,21.3715346976112,3168.51904095793,1.314970192773,0.05,0.0,27.0876814105632,-1.65209545326763,0.455248564702046,1.0,1.0,1.0,1.0,0.5,1.0,1.0,0.0,0.0,0.0,1.0,1.0,0.0,0.0,0.0,0.0,NONE,0.0020243967031241,3794.55199622619,NONE
66,1788.197768463,74.4799333396284,19.5087965835545,19.5087965835545,19.5087965835545,19.5087965835545,505.761037039894,505.761037039894,505.761037039894,505.761037039894,1.4128746418323,21.5138741671635,4.59163538453889,441.391815153961,1.41391815153961,0.188355847433217,113.190078495497,27.3929556626991,0.0350342099919875,21.4151169370785,3168.51904095793,1.314970192773,0.05,0.0,27.0875912332571,-1.54384553629909,0.458180943185442,1.0,1.0,1.0,1.0,0.5,1.0,1.0,0.0,0.0,0.0,1.0,1.0,0.0,0.0,0.0,0.0,NONE,0.0020243967031241,3794.55199622619,NONE
67,1799.64644989276,75.3213260903346,19.556100099334,19.556100099334,19.556100099334,19.556100099334,506.410405785761,506.410405785761,506.410405785761,506.410405785761,1.41881650749434,21.556365514873,4.63862877761493,443.955633037797,1.43955633037797,0.192475980112872,113.499548252775,27.4540959668184,0.0353477199313264,21.458899399571,3168.51904095793,1.314970192773,0.05,0.0,27.0875071633505,-1.4356550202569,0.461111684354691,1.0,1.0,1.0,1.0,0.5,1.0,1.0,0.0,0.0,0.0,1.0,1.0,0.0,0.0,0.0,0.0,NONE,0.0020243967031241,3794.55199622619,NONE
68,1811.03934428841,76.1618859671799,19.6038324605516,19.6038324605516,19.6038324605516,19.6038324605516,507.069397657064,507.069397657064,507.069397657064,507.069397657064,1.42472941968569,21.5988649456965,4.68590059447472,446.53464088408,1.4653464088408,0.196616376765151,113.811134666581,27.5156817533526,0.035661840276364,21.5028851544504,3168.51904095793,1.314970192773,0.05,0.0,27.0874167432059,-1.89059933931807,0.448788547801462,1.0,1.0,1.0,1.0,0.5,1.0,1.0,0.0,0.0,0.0,1.0,1.0,0.0,0.0,0.0,0.0,NONE,0.0020243967031241,3794.55199622619,NONE
69,1824.4846211901,77.218838602669,19.6520400708524,19.6520400708524,19.6520400708524,19.6520400708524,507.96155318041,507.96155318041,507.96155318041,507.96155318041,1.43170751839766,21.6413631045013,4.74413635789791,449.711808608524,1.49711808608524,0.201628255942477,114.209959531365,27.6014118824727,0.0360422157497124,21.547121427555,3168.51904095793,1.314970192773,0.05,0.0,27.0873090108218,-1.74036457287897,0.45285820702294,1.0,1.0,1.0,1.0,0.5,1.0,1.0,0.0,0.0,0.0,1.0,1.0,0.0,0.0,0.0,0.0,NONE,0.0020243967031241,3794.55199622619,NONE
70,1853.69090895384,79.821779763826,19.7011119974123,19.7011119974123,19.7011119974123,19.7011119974123,510.325575306501,510.325575306501,510.325575306501,510.325575306501,1.44686558174705,21.6837910325861,4.88136530235236,457.198606197348,1.57198606197348,0.212939869861887,115.238848008066,27.8615234766231,0.0369171425596013,21.5920061775112,3168.51904095793,1.314970192773,0.05,0.0,27.08723104455,-0.972753498566284,0.473650801234941,1.0,1.0,1.0,1.0,0.5,1.0,1.0,0.0,0.0,0.0,1.0,1.0,0.0,0.0,0.0,0.0,NONE,0.0020243967031241,3794.55199622619,NONE
71,1832.91167289739,76.7062521751737,19.7503334729958,19.7503334729958,19.7503334729958,19.7503334729958,505.959768672651,505.959768672651,505.959768672651,505.959768672651,1.43608115823375,21.7263942629308,4.74232698996772,449.613094947853,1.49613094947853,0.202372221015665,114.079900285176,27.5143656947198,0.0361779274035384,21.6368035651072,3168.51904095793,1.314970192773,0.05,0.0,27.0871942138619,-0.396735569848991,0.489253546567953,1.0,1.0,1.0,1.0,0.5,1.0,1.0,0.0,0.0,0.0,1.0,1.0,0.0,0.0,0.0,0.0,NONE,0.0020243967031241,3794.55199622619,NONE
72,1924.67322674369,87.5227699699439,19.800864730506,19.800864730506,19.800864730506,19.800864730506,519.148895618541,519.148895618541,519.148895618541,519.148895618541,1.48370540467998,21.7685998934144,5.27609497969982,478.733867642014,1.78733867642014,0.244811400814786,118.221725443086,28.6285647345356,0.0392230067053978,21.6827066114747,3168.51904095793,1.314970192773,0.05,0.0,27.0871867021373,0.153194531587852,0.504149608878867,1.0,1.0,1.0,1.0,0.5,1.0,1.0,0.0,0.0,0.0,1.0,1.0,0.0,0.0,0.0,0.0,NONE,0.0020243967031241,3794.55199622619,NONE
73,1953.11807362932,86.3526324942019,19.8546019980935,19.8546019980935,19.8546019980935,19.8546019980935,512.672992943946,512.672992943946,512.672992943946,512.672992943946,1.49846828021362,21.8107468585336,5.28324429754305,479.123912874842,1.79123912874842,0.246302443298028,118.268826824995,28.6160843175046,0.0398201904089134,21.7316455866397,3168.51904095793,1.314970192773,0.05,0.0,27.0872178839091,0.975238345722496,0.526416493559328,1.0,1.0,1.0,1.0,0.5,1.0,1.0,0.0,0.0,0.0,1.0,1.0,0.0,0.0,0.0,0.0,NONE,0.0020243967031241,3794.55199622619,NONE
74,1963.29017337353,88.1222170624009,19.908334463101,19.908334463101,19.908334463101,19.908334463101,515.708623826571,515.708623826571,515.708623826571,515.708623826571,1.50374759998086,21.8530059917951,5.36794318293088,483.744828771402,1.83744828771402,0.253198585666336,118.856528090345,28.7501860292523,0.0402086159700444,21.7803216799052,3168.51904095793,1.314970192773,0.05,0.0,27.0872922738027,1.63391834834643,0.544258423853189,1.0,1.0,1.0,1.0,0.5,1.0,1.0,0.0,0.0,0.0,1.0,1.0,0.0,0.0,0.0,0.0,NONE,0.0020243967031241,3794.55199622619,NONE
75,1987.49224562111,90.0292952161907,19.963074838708,19.963074838708,19.963074838708,19.963074838708,517.120708323188,517.120708323188,517.120708323188,517.120708323188,1.51630847547736,21.8951773126203,5.48307572082004,490.026113018617,1.90026113018617,0.26264520730809,119.699367117352,28.9525436099665,0.0409654648552093,21.8297733761049,3168.51904095793,1.314970192773,0.05,0.0,27.0874014421454,2.23292528735399,0.560484143648875,1.0,1.0,1.0,1.0,0.5,1.0,1.0,0.0,0.0,0.0,1.0,1.0,0.0,0.0,0.0,0.0,NONE,0.0020243967031241,3794.55199622619,NONE
76,1980.27946615639,88.6090882729157,20.0181207266431,20.0181207266431,20.0181207266431,20.0181207266431,515.07905519617,515.07905519617,515.07905519617,515.07905519617,1.51256504293517,21.9374710735474,5.4191530987041,486.538687424611,1.86538687424611,0.25804081841051,119.137194864145,28.7756219135653,0.0406489055677348,21.8792775319128,3168.51904095793,1.314970192773,0.05,0.0,27.0875397793666,2.63519853128904,0.57138104504282,1.0,1.0,1.0,1.0,0.5,1.0,1.0,0.0,0.0,0.0,1.0,1.0,0.0,0.0,0.0,0.0,NONE,0.0020243967031241,3794.55199622619,NONE
77,1966.61310282045,87.6962069131374,20.072499018444,20.072499018444,20.072499018444,20.072499018444,515.082607168471,515.082607168471,515.082607168471,515.082607168471,1.50547220036381,21.9799153448291,5.36342980083702,483.498592248108,1.83498592248108,0.253931938114525,118.62466318425,28.6116213021073,0.0402165571146933,21.9278396065648,3168.51904095793,1.314970192773,0.05,0.0,27.0876915834718,2.69465666784646,0.572992028741971,1.0,1.0,1.0,1.0,0.5,1.0,1.0,0.0,0.0,0.0,1.0,1.0,0.0,0.0,0.0,0.0,NONE,0.0020243967031241,3794.55199622619,NONE
78,1946.26261569088,85.8255951753254,20.1261724215844,20.1261724215844,20.1261724215844,20.1261724215844,513.764719717438,513.764719717438,513.764719717438,513.764719717438,1.49491029754357,22.0225073970705,5.26149348302863,477.937253993883,1.77937253993883,0.246190312322725,117.748946607388,28.3482558247242,0.0395410902172533,21.9754270508466,3168.51904095793,1.314970192773,0.05,0.0,27.0878476028088,2.87123063407486,0.577775457848336,1.0,1.0,1.0,1.0,0.5,1.0,1.0,0.0,0.0,0.0,1.0,1.0,0.0,0.0,0.0,0.0,NONE,0.0020243967031241,3794.55199622619,NONE
79,1932.06435824373,84.9853518936134,20.1790644495792,20.1790644495792,20.1790644495792,20.1790644495792,514.036113290743,514.036113290743,514.036113290743,514.036113290743,1.48754140192849,22.065208733026,5.20872535380362,475.058383911342,1.75058383911342,0.242255622335729,117.254013203113,28.1878342986209,0.0391084509705093,22.0219680389519,3168.51904095793,1.314970192773,0.05,0.0,27.0880111896538,2.88629492777019,0.57818398930008,1.0,1.0,1.0,1.0,0.5,1.0,1.0,0.0,0.0,0.0,1.0,1.0,0.0,0.0,0.0,0.0,NONE,0.0020243967031241,3794.55199622619,NONE
80,1906.68999990492,82.5845043744653,20.2311687211189,20.2311687211189,20.2311687211189,20.2311687211189,512.168210283291,512.168210283291,512.168210283291,512.168210283291,1.47437210995065,22.1080621371292,5.08149728042289,468.117203704759,1.68117203704759,0.232443920623698,116.171468157959,27.8654778292797,0.038279452004324,22.0674618395115,3168.51904095793,1.314970192773,0.05,0.0,27.0881685091082,2.65825990102489,0.572007392139967,1.0,1.0,1.0,1.0,0.5,1.0,1.0,0.0,0.0,0.0,1.0,1.0,0.0,0.0,0.0,0.0,NONE,0.0020243967031241,3794.55199622619,NONE
81,1930.51176090577,85.9704784378021,20.2832484621954,20.2832484621954,20.2832484621954,20.2832484621954,517.153333692213,517.153333692213,517.153333692213,517.153333692213,1.4867356039101,22.1508158715843,5.24580879961408,477.081544941858,1.77081544941858,0.245689656733339,117.394756366145,28.1757690776511,0.0391254953613844,22.1126976121256,3168.51904095793,1.314970192773,0.05,0.0,27.088330436915,3.23124260219089,0.587528967329984,1.0,1.0,1.0,1.0,0.5,1.0,1.0,0.0,0.0,0.0,1.0,1.0,0.0,0.0,0.0,0.0,NONE,0.0020243967031241,3794.55199622619,NONE
82,1962.5743401371,88.0645137022468,20.3368777825692,20.3368777825692,20.3368777825692,20.3368777825692,517.868124924363,517.868124924363,517.868124924363,517.868124924363,1.50337608253116,22.1934486337242,5.3795071225506,484.37572246228,1.8437572246228,0.256762065050573,118.400801205838,28.4246670839674,0.0400830603586884,22.1592871255033,3168.51904095793,1.314970192773,0.05,0.0,27.0885210494702,3.40878033672712,0.592338817904453,1.0,1.0,1.0,1.0,0.5,1.0,1.0,0.0,0.0,0.0,1.0,1.0,0.0,0.0,0.0,0.0,NONE,0.0020243967031241,3794.55199622619,NONE
83,1978.24913794165,89.0557761700714,20.3914023137568,20.3914023137568,20.3914023137568,20.3914023137568,518.295654268824,518.295654268824,518.295654268824,518.295654268824,1.51151130259172,22.2360922361386,5.44555042452148,487.978845957249,1.87978845957249,0.262379983692607,118.861486428364,28.5244400906353,0.0405469880490179,22.2065540398581,3168.51904095793,1.314970192773,0.05,0.0,27.0887225088912,3.80378289746025,0.603039619393367,1.0,1.0,1.0,1.0,0.5,1.0,1.0,0.0,0.0,0.0,1.0,1.0,0.0,0.0,0.0,0.0,NONE,0.0020243967031241,3794.55199622619,NONE
84,2050.83653071342,96.413539362526,20.4480200015228,20.4480200015228,20.4480200015228,20.4480200015228,525.63691701989,525.63691701989,525.63691701989,525.63691701989,1.54918415944026,22.2783890200629,5.85854675053216,510.510680695629,2.10510680695629,0.294747941388375,121.997264846246,29.3411186720296,0.043027239401262,22.2557234932239,3168.51904095793,1.314970192773,0.05,0.0,27.0889354781986,3.62224190680583,0.59812267729989,1.0,1.0,1.0,1.0,0.5,1.0,1.0,0.0,0.0,0.0,1.0,1.0,0.0,0.0,0.0,0.0,NONE,0.0020243967031241,3794.55199622619,NONE
85,2076.12196578492,96.9300310801733,20.5070669102699,20.5070669102699,20.5070669102699,20.5070669102699,523.834496316195,523.834496316195,523.834496316195,523.834496316195,1.56230730024237,22.3205917604741,5.92810293886103,514.305456682128,2.14305456682128,0.3004844769272,122.46999027808,29.4415913378079,0.0437119985893141,22.307126841153,3168.51904095793,1.314970192773,0.05,0.0,27.0891306258214,3.30685296184732,0.589579771843867,1.0,1.0,1.0,1.0,0.5,1.0,1.0,0.0,0.0,0.0,1.0,1.0,0.0,0.0,0.0,0.0,NONE,0.0020243967031241,3794.55199622619,NONE
86,2094.35713345241,98.8001796055807,20.566780409783,20.566780409783,20.566780409783,20.566780409783,525.880093136313,525.880093136313,525.880093136313,525.880093136313,1.5717713522618,22.3627967559358,6.0382319010941,520.313760922782,2.20313760922782,0.309303258476831,123.251029480327,29.623256329947,0.0443505240969076,22.3589506362089,3168.51904095793,1.314970192773,0.05,0.0,27.0892960131137,2.45529026271373,0.566512084724768,1.0,1.0,1.0,1.0,0.5,1.0,1.0,0.0,0.0,0.0,1.0,1.0,0.0,0.0,0.0,0.0,NONE,0.0020243967031241,3794.55199622619,NONE
87,2045.92131047939,92.9629716627644,20.6256747722164,20.6256747722164,20.6256747722164,20.6256747722164,519.385501948619,519.385501948619,519.385501948619,519.385501948619,1.5466331601388,22.4053776735989,5.72204185223306,503.063384882699,2.03063384882699,0.28535485099693,120.755438888671,28.9341476118063,0.0425444254906545,22.4096706954267,3168.51904095793,1.314970192773,0.05,0.0,27.0894108979151,1.65600387347371,0.544860169377068,1.0,1.0,1.0,1.0,0.5,1.0,1.0,0.0,0.0,0.0,1.0,1.0,0.0,0.0,0.0,0.0,NONE,0.0020243967031241,3794.55199622619,NONE
88,2061.93378123802,96.5151224254942,20.6835688096657,20.6835688096657,20.6835688096657,20.6835688096657,525.476227123955,525.476227123955,525.476227123955,525.476227123955,1.55494363246253,22.4479576505144,5.89122237165907,512.293364096997,2.12293364096997,0.298719677371614,121.991260731269,29.2390947794934,0.0432725293085233,22.4591125949844,3168.51904095793,1.314970192773,0.05,0.0,27.0894995596527,1.61025528197477,0.543621009751984,1.0,1.0,1.0,1.0,0.5,1.0,1.0,0.0,0.0,0.0,1.0,1.0,0.0,0.0,0.0,0.0,NONE,0.0020243967031241,3794.55199622619,NONE
89,2062.56886448015,95.4444980279277,20.7423047097262,20.7423047097262,20.7423047097262,20.7423047097262,523.301371184816,523.301371184816,523.301371184816,523.301371184816,1.5552732406652,22.4905414607971,5.85275036728151,510.194447496303,2.10194447496303,0.29612433336397,121.631154524204,29.118052160847,0.0431753643777172,22.509166316897,3168.51904095793,1.314970192773,0.05,0.0,27.0895872738383,1.43381245803733,0.538841387716319,1.0,1.0,1.0,1.0,0.5,1.0,1.0,0.0,0.0,0.0,1.0,1.0,0.0,0.0,0.0,0.0,NONE,0.0020243967031241,3794.55199622619,NONE
90,2057.40043613453,95.2371702467873,20.8006668205209,20.8006668205209,20.8006668205209,20.8006668205209,523.755509184741,523.755509184741,523.755509184741,523.755509184741,1.55259082635382,22.5332522254834,5.83707061716246,509.339007590011,2.09339007590011,0.295268364258765,121.445074735754,29.0432854629369,0.0430119265874199,22.558586272341,3168.51904095793,1.314970192773,0.05,0.0,27.0896593400297,1.11487461539151,0.530201573537803,1.0,1.0,1.0,1.0,0.5,1.0,1.0,0.0,0.0,0.0,1.0,1.0,0.0,0.0,0.0,0.0,NONE,0.0020243967031241,3794.55199622619,NONE
91,2068.88081838065,96.5409066780217,20.859268561089,20.859268561089,20.859268561089,20.859268561089,525.420064666351,525.420064666351,525.420064666351,525.420064666351,1.55854914473956,22.5759439163754,5.9112387151586,513.385395467238,2.13385395467238,0.301348774618527,121.952721762,29.1535582071403,0.0434168872482239,22.6080048125735,3168.51904095793,1.314970192773,0.05,0.0,27.0897214889742,1.15554124956753,0.531303290619806,1.0,1.0,1.0,1.0,0.5,1.0,1.0,0.0,0.0,0.0,1.0,1.0,0.0,0.0,0.0,0.0,NONE,0.0020243967031241,3794.55199622619,NONE
92,2083.53306138567,97.7302089068916,20.9185753690031,20.9185753690031,20.9185753690031,20.9185753690031,526.420232473073,526.420232473073,526.420232473073,526.420232473073,1.56615365885916,22.6185978981405,5.98751224582831,517.546649405169,2.17546649405169,0.307595639779827,122.47710307646,29.2679065644444,0.043895780066544,22.6578987208803,3168.51904095793,1.314970192773,0.05,0.0,27.089798139407,1.61501754457279,0.543750499274078,1.0,1.0,1.0,1.0,0.5,1.0,1.0,0.0,0.0,0.0,1.0,1.0,0.0,0.0,0.0,0.0,NONE,0.0020243967031241,3794.55199622619,NONE
93,2092.88158817724,98.3921813639572,20.9784338052621,20.9784338052621,20.9784338052621,20.9784338052621,526.935369424754,526.935369424754,526.935369424754,526.935369424754,1.57100554426399,22.6612592533713,6.03342873064682,520.051714420375,2.20051714420375,0.311501427634253,122.767465408177,29.3198744267411,0.0441896735539998,22.7081090507089,3168.51904095793,1.314970192773,0.05,0.0,27.0898911414269,1.5722611832364,0.542592384299765,1.0,1.0,1.0,1.0,0.5,1.0,1.0,0.0,0.0,0.0,1.0,1.0,0.0,0.0,0.0,0.0,NONE,0.0020243967031241,3794.55199622619,NONE
94,2095.34654708662,98.4654386226329,21.0385280345556,21.0385280345556,21.0385280345556,21.0385280345556,527.036552802463,527.036552802463,527.036552802463,527.036552802463,1.57228485793796,22.7039742957464,6.04305872446151,520.57709785722,2.2057709785722,0.312609390240778,122.778133902964,29.2976507558129,0.0442488151132516,22.7583116261306,3168.51904095793,1.314970192773,0.05,0.0,27.0899706870036,1.22659516975578,0.533228427193504,1.0,1.0,1.0,1.0,0.5,1.0,1.0,0.0,0.0,0.0,1.0,1.0,0.0,0.0,0.0,0.0,NONE,0.0020243967031241,3794.55199622619,NONE
95,2107.9581841743,99.8307808488404,21.0989819915498,21.0989819915498,21.0989819915498,21.0989819915498,528.646368360605,528.646368360605,528.646368360605,528.646368360605,1.57883029758646,22.7466746536967,6.12349794801736,524.965619443238,2.24965619443238,0.319184644846929,123.335620225516,29.4201634116419,0.0446991624887668,22.808634636738,3168.51904095793,1.314970192773,0.05,0.0,27.0900226147374,0.560494978943524,0.515183821655027,1.0,1.0,1.0,1.0,0.5,1.0,1.0,0.0,0.0,0.0,1.0,1.0,0.0,0.0,0.0,0.0,NONE,0.0020243967031241,3794.55199622619,NONE
96,2104.4524411535,99.0290542767415,21.1596789147063,21.1596789147063,21.1596789147063,21.1596789147063,527.615033743971,527.615033743971,527.615033743971,527.615033743971,1.57701081695867,22.7894557725313,6.08692040558044,522.970058975944,2.22970058975944,0.316725688255164,122.98977399605,29.3036415869069,0.044516834331544,22.858957878702,3168.51904095793,1.314970192773,0.05,0.0,27.0900455284946,0.374300342157866,0.510139813310388,1.0,1.0,1.0,1.0,0.5,1.0,1.0,0.0,0.0,0.0,1.0,1.0,0.0,0.0,0.0,0.0,NONE,0.0020243967031241,3794.55199622619,NONE
97,2107.45729851881,99.6115703300639,21.2202596693389,21.2202596693389,21.2202596693389,21.2202596693389,528.734018918781,528.734018918781,528.734018918781,528.734018918781,1.57857033793126,22.8322962123697,6.11786826917517,524.658481133976,2.24658481133976,0.319487837784825,123.166126886499,29.3252923067839,0.0446411254919178,22.908915449694,3168.51904095793,1.314970192773,0.05,0.0,27.0900888571246,1.31034916552993,0.535497475328065,1.0,1.0,1.0,1.0,0.5,1.0,1.0,0.0,0.0,0.0,1.0,1.0,0.0,0.0,0.0,0.0,NONE,0.0020243967031241,3794.55199622619,NONE
98,2099.69169985978,98.5762873222838,21.2807632158066,21.2807632158066,21.2807632158066,21.2807632158066,527.730281531489,527.730281531489,527.730281531489,527.730281531489,1.57453999222723,22.8752418207279,6.06383387902594,521.710527672036,2.21710527672036,0.315675206520807,122.68509014538,29.1728047921748,0.0443252692069566,22.9585493066893,3168.51904095793,1.314970192773,0.05,0.0,27.090161475185,0.991356064541261,0.526855995867827,1.0,1.0,1.0,1.0,0.5,1.0,1.0,0.0,0.0,0.0,1.0,1.0,0.0,0.0,0.0,0.0,NONE,0.0020243967031241,3794.55199622619,NONE
99,2103.00189442513,99.2591420344598,21.3410936182299,21.3410936182299,21.3410936182299,21.3410936182299,529.026786017154,529.026786017154,529.026786017154,529.026786017154,1.57625798320664,22.9182370650559,6.09927711571071,523.644203836395,2.23644203836395,0.31878939740507,122.896824006944,29.2039269751085,0.044467189600195,23.0077646168896,3168.51904095793,1.314970192773,0.05,0.0,27.0902039335766,0.587519768241561,0.515916030336672,1.0,1.0,1.0,1.0,0.5,1.0,1.0,0.0,0.0,0.0,1.0,1.0,0.0,0.0,0.0,0.0,NONE,0.0020243967031241,3794.55199622619,NONE
100,2091.74182702829,97.8100584184715,21.4012749985632,21.4012749985632,21.4012749985632,21.4012749985632,527.570944179406,527.570944179406,527.570944179406,527.570944179406,1.57041400822768,22.9613548258284,6.0223156560693,519.44541856725,2.1944541856725,0.313190056986118,122.237293066125,29.0037384259941,0.0440208886016569,23.0565881909436,3168.51904095793,1.314970192773,0.05,0.0,27.0902360752639,0.608117130154082,0.516474036617286,1.0,1.0,1.0,1.0,0.5,1.0,1.0,0.0,0.0,0.0,1.0,1.0,0.0,0.0,0.0,0.0,NONE,0.0020243967031241,3794.55199622619,NONE
101,2093.54360771137,98.45519319665,21.461138904705,21.461138904705,21.461138904705,21.461138904705,528.97938418939,528.97938418939,528.97938418939,528.97938418939,1.5713491324022,23.0045305402267,6.05322534573686,521.131758070876,2.21131758070876,0.315957823618083,122.414561098449,29.0258530748999,0.0441194720317715,23.1048515307657,3168.51904095793,1.314970192773,0.05,0.0,27.0902780768059,0.914311095538618,0.52476894182685,1.0,1.0,1.0,1.0,0.5,1.0,1.0,0.0,0.0,0.0,1.0,1.0,0.0,0.0,0.0,0.0,NONE,0.0020243967031241,3794.55199622619,NONE
102,2070.66445017755,95.7522849105471,21.5205303934457,21.5205303934457,21.5205303934457,21.5205303934457,526.265239817979,526.265239817979,526.265239817979,526.265239817979,1.55947484964215,23.0478947859406,5.90554811626825,513.074933543767,2.13074933543767,0.304845871673226,121.203945481281,28.677793938906,0.043255588754022,23.152398528363,3168.51904095793,1.314970192773,0.05,0.0,27.0903407753425,1.31311114996195,0.535572628528371,1.0,1.0,1.0,1.0,0.5,1.0,1.0,0.0,0.0,0.0,1.0,1.0,0.0,0.0,0.0,0.0,NONE,0.0020243967031241,3794.55199622619,NONE
103,2060.49655796148,95.4868977707405,21.5789787679252,21.5789787679252,21.5789787679252,21.5789787679252,527.231466121467,527.231466121467,527.231466121467,527.231466121467,1.55419771358201,23.0913860672126,5.87811191387173,511.578097036241,2.11578097036241,0.303075820078481,120.927608047482,28.5786669609877,0.0429591573609617,23.1987534192313,3168.51904095793,1.314970192773,0.05,0.0,27.0904130012175,1.1402933887933,0.530891018844968,1.0,1.0,1.0,1.0,0.5,1.0,1.0,0.0,0.0,0.0,1.0,1.0,0.0,0.0,0.0,0.0,NONE,0.0020243967031241,3794.55199622619,NONE
104,2085.22289973694,98.2447428724794,21.6379866713564,21.6379866713564,21.6379866713564,21.6379866713564,530.315681836456,530.315681836456,530.315681836456,530.315681836456,1.56703068496347,23.1347513000109,6.0349005947822,520.132014891268,2.20132014891268,0.31564090170743,122.084872024607,28.8630167910622,0.0438493993404587,23.2454615638026,3168.51904095793,1.314970192773,0.05,0.0,27.0904744422327,1.09574195460671,0.529684169416555,1.0,1.0,1.0,1.0,0.5,1.0,1.0,0.0,0.0,0.0,1.0,1.0,0.0,0.0,0.0,0.0,NONE,0.0020243967031241,3794.55199622619,NONE
105,2104.06577846662,99.4540762139025,21.6981773935955,21.6981773935955,21.6981773935955,21.6981773935955,530.784400911653,530.784400911653,530.784400911653,530.784400911653,1.57681013902417,23.1780367833055,6.1211243736515,524.836124380008,2.24836124380008,0.322694944028671,122.69112009974,28.9992647279042,0.0444453033448691,23.2931585382608,3168.51904095793,1.314970192773,0.05,0.0,27.0905333633221,0.955009919879996,0.525871728096813,1.0,1.0,1.0,1.0,0.5,1.0,1.0,0.0,0.0,0.0,1.0,1.0,0.0,0.0,0.0,0.0,NONE,0.0020243967031241,3794.55199622619,NONE
106,2168.5080242605,106.246089025766,21.7604668589159,21.7604668589159,21.7604668589159,21.7604668589159,537.238525340081,537.238525340081,537.238525340081,537.238525340081,1.6102556645912,23.2209539435856,6.52565189257815,546.905926529643,2.46905926529643,0.35443264487972,125.765821996886,29.7836306245491,0.0468329106170035,23.3427789273644,3168.51904095793,1.314970192773,0.05,0.0,27.090581612384,0.75642722988744,0.520492053605095,1.0,1.0,1.0,1.0,0.5,1.0,1.0,0.0,0.0,0.0,1.0,1.0,0.0,0.0,0.0,0.0,NONE,0.0020243967031241,3794.55199622619,NONE
107,2186.71475582483,106.265423272099,21.8250433681593,21.8250433681593,21.8250433681593,21.8250433681593,535.340538447771,535.340538447771,535.340538447771,535.340538447771,1.61970495827309,23.2637490118557,6.5663291052256,549.125152646842,2.49125152646842,0.357884255368452,126.012002767111,29.8229197518564,0.0473124251302135,23.394502605554,3168.51904095793,1.314970192773,0.05,0.0,27.0906324213567,1.15403049971489,0.531263416070811,1.0,1.0,1.0,1.0,0.5,1.0,1.0,0.0,0.0,0.0,1.0,1.0,0.0,0.0,0.0,0.0,NONE,0.0020243967031241,3794.55199622619,NONE
108,2198.02680327372,107.579135367375,21.8899879306206,21.8899879306206,21.8899879306206,21.8899879306206,536.874109728725,536.874109728725,536.874109728725,536.874109728725,1.62557591089906,23.3065783542702,6.64608790416446,553.47655231662,2.53476552316619,0.364442038836453,126.568888684883,29.9429298435588,0.0477484323096461,23.4463567617745,3168.51904095793,1.314970192773,0.05,0.0,27.090718948946,1.94778310227775,0.552766844597313,1.0,1.0,1.0,1.0,0.5,1.0,1.0,0.0,0.0,0.0,1.0,1.0,0.0,0.0,0.0,0.0,NONE,0.0020243967031241,3794.55199622619,NONE
109,2188.91026328261,106.164851926109,21.9550016950796,21.9550016950796,21.9550016950796,21.9550016950796,535.336659031817,535.336659031817,535.336659031817,535.336659031817,1.62084442664367,23.3495297570341,6.57092747163703,549.376025658352,2.49376025658352,0.359001998610792,125.926080023246,29.7507305441558,0.0473389143012,23.4980347037581,3168.51904095793,1.314970192773,0.05,0.0,27.09083634034,2.08284619953628,0.556426045513737,1.0,1.0,1.0,1.0,0.5,1.0,1.0,0.0,0.0,0.0,1.0,1.0,0.0,0.0,0.0,0.0,NONE,0.0020243967031241,3794.55199622619,NONE
110,2181.47234303961,105.750381965379,22.0194232152281,22.0194232152281,22.0194232152281,22.0194232152281,535.609973425015,535.609973425015,535.609973425015,535.609973425015,1.61698414603756,23.3926317782141,6.54058233966379,547.7204867209,2.477204867209,0.35705972939249,125.633136192666,29.6493758827991,0.0470840605034025,23.5488621684387,3168.51904095793,1.314970192773,0.05,0.0,27.0909527835607,2.05577838935567,0.555692995279499,1.0,1.0,1.0,1.0,0.5,1.0,1.0,0.0,0.0,0.0,1.0,1.0,0.0,0.0,0.0,0.0,NONE,0.0020243967031241,3794.55199622619,NONE
111,2191.86979744475,107.034038689871,22.0840139951332,22.0840139951332,22.0840139951332,22.0840139951332,537.189344590345,537.189344590345,537.189344590345,537.189344590345,1.62238042487383,23.4357180582706,6.616989446346,551.889028163461,2.51889028163462,0.363374883455298,126.166022360912,29.7634970798094,0.0474912401998127,23.5996242384183,3168.51904095793,1.314970192773,0.05,0.0,27.091076804951,2.40259050531064,0.565088763910217,1.0,1.0,1.0,1.0,0.5,1.0,1.0,0.0,0.0,0.0,1.0,1.0,0.0,0.0,0.0,0.0,NONE,0.0020243967031241,3794.55199622619,NONE
112,2187.35079375997,106.145224629049,22.1487961222267,22.1487961222267,22.1487961222267,22.1487961222267,536.167328039572,536.167328039572,536.167328039572,536.167328039572,1.62003506196142,23.4788866771519,6.57311943185101,549.495612400858,2.49495612400858,0.360344848993043,125.764477287787,29.6338976700894,0.0472627105538309,23.6503436185844,3168.51904095793,1.314970192773,0.05,0.0,27.0912075725164,2.09476818926865,0.556749799831781,1.0,1.0,1.0,1.0,0.5,1.0,1.0,0.0,0.0,0.0,1.0,1.0,0.0,0.0,0.0,0.0,NONE,0.0020243967031241,3794.55199622619,NONE
113,2190.48513316934,106.767527043781,22.2134292084732,22.2134292084732,22.2134292084732,22.2134292084732,537.273313171806,537.273313171806,537.273313171806,537.273313171806,1.62166178411489,23.5221170695011,6.60729567795582,551.360165378,2.51360165378,0.363399211498832,125.97145946305,29.66303361955,0.0474037696530918,23.7006738670135,3168.51904095793,1.314970192773,0.05,0.0,27.0913256745441,2.21001526065549,0.55987224317213,1.0,1.0,1.0,1.0,0.5,1.0,1.0,0.0,0.0,0.0,1.0,1.0,0.0,0.0,0.0,0.0,NONE,0.0020243967031241,3794.55199622619,NONE
114,2203.97951541838,108.10330315238,22.2785995709295,22.2785995709295,22.2785995709295,22.2785995709295,538.569720826786,538.569720826786,538.569720826786,538.569720826786,1.62866536850214,23.5652976876096,6.6928266419096,556.026476973157,2.56026476973157,0.370415150813202,126.574686811232,29.7952482264986,0.0479032790496867,23.7513201639502,3168.51904095793,1.314970192773,0.05,0.0,27.0914706085082,3.01010429352665,0.581548151996622,1.0,1.0,1.0,1.0,0.5,1.0,1.0,0.0,0.0,0.0,1.0,1.0,0.0,0.0,0.0,0.0,NONE,0.0020243967031241,3794.55199622619,NONE
115,2203.72777801834,107.688715387597,22.3441068039362,22.3441068039362,22.3441068039362,22.3441068039362,538.000532238882,538.000532238882,538.000532238882,538.000532238882,1.62853471679152,23.6085340088385,6.67725060360827,555.176695271042,2.55176695271042,0.369578043686527,126.392696947877,29.7230579726232,0.0478403399000905,23.8020757462911,3168.51904095793,1.314970192773,0.05,0.0,27.0916565983998,3.49957070858603,0.594809167878831,1.0,1.0,1.0,1.0,0.5,1.0,1.0,0.0,0.0,0.0,1.0,1.0,0.0,0.0,0.0,0.0,NONE,0.0020243967031241,3794.55199622619,NONE
116,2135.45090751448,100.167306628036,22.4075278092243,22.4075278092243,22.4075278092243,22.4075278092243,531.085022840018,531.085022840018,531.085022840018,531.085022840018,1.59309902100002,23.6523442680689,6.23322209151071,530.951837993615,2.30951837993615,0.335393025943476,122.876003395983,28.7735983022971,0.0452100078564087,23.8504593320867,3168.51904095793,1.314970192773,0.05,0.0,27.0918609911635,3.72092619704845,0.600806815288815,1.0,1.0,1.0,1.0,0.5,1.0,1.0,0.0,0.0,0.0,1.0,1.0,0.0,0.0,0.0,0.0,NONE,0.0020243967031241,3794.55199622619,NONE
117,2161.05967527969,105.246784107946,22.4696968257388,22.4696968257388,22.4696968257388,22.4696968257388,538.649278129336,538.649278129336,538.649278129336,538.649278129336,1.60638997147016,23.6960897857363,6.49224453153908,545.083321604198,2.45083321604198,0.356095819469871,124.848178284694,29.2695237881489,0.0464102722844421,23.8973435936844,3168.51904095793,1.314970192773,0.05,0.0,27.0920733760168,3.78391391598465,0.602514073460387,1.0,1.0,1.0,1.0,0.5,1.0,1.0,0.0,0.0,0.0,1.0,1.0,0.0,0.0,0.0,0.0,NONE,0.0020243967031241,3794.55199622619,NONE
118,2180.47608079187,105.861246198877,22.5336768745526,22.5336768745526,22.5336768745526,22.5336768745526,537.78221314717,537.78221314717,537.78221314717,537.78221314717,1.61646708593098,23.7396545148651,6.55959326228106,548.757665358236,2.48757665358236,0.361645768918049,125.305156019833,29.3645036985669,0.0469838974076483,23.9458681558447,3168.51904095793,1.314970192773,0.05,0.0,27.0922930466836,4.04010323614369,0.60945566081246,1.0,1.0,1.0,1.0,0.5,1.0,1.0,0.0,0.0,0.0,1.0,1.0,0.0,0.0,0.0,0.0,NONE,0.0020243967031241,3794.55199622619,NONE
119,2137.88767959217,100.956633388041,22.5966209000881,22.5966209000881,22.5966209000881,22.5966209000881,533.145771151759,533.145771151759,533.145771151759,533.145771151759,1.59436370570834,23.7836085323319,6.27587341606113,533.278765706086,2.33278765706086,0.339862710975781,123.028920210793,28.739369772097,0.0453230625654165,23.9931102442889,3168.51904095793,1.314970192773,0.05,0.0,27.0925305710426,4.37859133149579,0.618627119506652,1.0,1.0,1.0,1.0,0.5,1.0,1.0,0.0,0.0,0.0,1.0,1.0,0.0,0.0,0.0,0.0,NONE,0.0020243967031241,3794.55199622619,NONE
120,2159.06037212959,104.778070345956,22.6588738579431,22.6588738579431,22.6588738579431,22.6588738579431,538.633888871184,538.633888871184,538.633888871184,538.633888871184,1.60535233313526,23.8275066399599,6.47522310207067,544.154683716549,2.4415468371655,0.355907853486542,124.535591582569,29.1126831840959,0.0462752435793006,24.0394343860704,3168.51904095793,1.314970192773,0.05,0.0,27.0927818241187,4.483250943868,0.62146373968499,1.0,1.0,1.0,1.0,0.5,1.0,1.0,0.0,0.0,0.0,1.0,1.0,0.0,0.0,0.0,0.0,NONE,0.0020243967031241,3794.55199622619,NONE
